"Step","2025-05-10_20-54-05_Humanoid-medium-v3_fql_mlp_ta4_seed0 - avg episode reward - eval","2025-05-10_20-54-05_Humanoid-medium-v3_fql_mlp_ta4_seed0 - avg episode reward - eval__MIN","2025-05-10_20-54-05_Humanoid-medium-v3_fql_mlp_ta4_seed0 - avg episode reward - eval__MAX","2025-05-10_20-54-05_Humanoid-medium-v3_fql_mlp_ta4_seed3407 - avg episode reward - eval","2025-05-10_20-54-05_Humanoid-medium-v3_fql_mlp_ta4_seed3407 - avg episode reward - eval__MIN","2025-05-10_20-54-05_Humanoid-medium-v3_fql_mlp_ta4_seed3407 - avg episode reward - eval__MAX","2025-05-10_20-54-05_Humanoid-medium-v3_fql_mlp_ta4_seed42 - avg episode reward - eval","2025-05-10_20-54-05_Humanoid-medium-v3_fql_mlp_ta4_seed42 - avg episode reward - eval__MIN","2025-05-10_20-54-05_Humanoid-medium-v3_fql_mlp_ta4_seed42 - avg episode reward - eval__MAX","2025-05-02_11-45-15_Humanoid-medium-v3_ppo_reflow_mlp_ta4_td4_seed0 - eval/avg episode reward","2025-05-02_11-45-15_Humanoid-medium-v3_ppo_reflow_mlp_ta4_td4_seed0 - eval/avg episode reward__MIN","2025-05-02_11-45-15_Humanoid-medium-v3_ppo_reflow_mlp_ta4_td4_seed0 - eval/avg episode reward__MAX","2025-05-02_11-44-40_Humanoid-medium-v3_ppo_shortcut_mlp_ta4_td4_seed0 - eval/avg episode reward","2025-05-02_11-44-40_Humanoid-medium-v3_ppo_shortcut_mlp_ta4_td4_seed0 - eval/avg episode reward__MIN","2025-05-02_11-44-40_Humanoid-medium-v3_ppo_shortcut_mlp_ta4_td4_seed0 - eval/avg episode reward__MAX","2025-05-02_11-38-26_Humanoid-medium-v3_ppo_shortcut_mlp_ta4_td4_seed42 - eval/avg episode reward","2025-05-02_11-38-26_Humanoid-medium-v3_ppo_shortcut_mlp_ta4_td4_seed42 - eval/avg episode reward__MIN","2025-05-02_11-38-26_Humanoid-medium-v3_ppo_shortcut_mlp_ta4_td4_seed42 - eval/avg episode reward__MAX","2025-05-02_11-38-41_Humanoid-medium-v3_ppo_shortcut_mlp_ta4_td4_seed3407 - eval/avg episode reward","2025-05-02_11-38-41_Humanoid-medium-v3_ppo_shortcut_mlp_ta4_td4_seed3407 - eval/avg episode reward__MIN","2025-05-02_11-38-41_Humanoid-medium-v3_ppo_shortcut_mlp_ta4_td4_seed3407 - eval/avg episode reward__MAX","2025-05-02_01-30-24_Humanoid-medium-v3_ppo_reflow_mlp_ta4_td4_seed3407 - eval/avg episode reward","2025-05-02_01-30-24_Humanoid-medium-v3_ppo_reflow_mlp_ta4_td4_seed3407 - eval/avg episode reward__MIN","2025-05-02_01-30-24_Humanoid-medium-v3_ppo_reflow_mlp_ta4_td4_seed3407 - eval/avg episode reward__MAX","2025-05-02_01-30-17_Humanoid-medium-v3_ppo_reflow_mlp_ta4_td4_seed42 - eval/avg episode reward","2025-05-02_01-30-17_Humanoid-medium-v3_ppo_reflow_mlp_ta4_td4_seed42 - eval/avg episode reward__MIN","2025-05-02_01-30-17_Humanoid-medium-v3_ppo_reflow_mlp_ta4_td4_seed42 - eval/avg episode reward__MAX","2025-05-02_01-26-13_Humanoid-medium-v3_ppo_diffusion_mlp_ta4_td20_tdf10_seed42 - eval/avg episode reward","2025-05-02_01-26-13_Humanoid-medium-v3_ppo_diffusion_mlp_ta4_td20_tdf10_seed42 - eval/avg episode reward__MIN","2025-05-02_01-26-13_Humanoid-medium-v3_ppo_diffusion_mlp_ta4_td20_tdf10_seed42 - eval/avg episode reward__MAX"
"0","234.55195897818962","234.55195897818962","234.55195897818962","147.8617009534802","147.8617009534802","147.8617009534802","176.91806362286107","176.91806362286107","176.91806362286107","1759.5996939904144","1759.5996939904144","1759.5996939904144","2167.3088533915766","2167.3088533915766","2167.3088533915766","1992.486967612897","1992.486967612897","1992.486967612897","2093.2916034237805","2093.2916034237805","2093.2916034237805","1797.1775107948642","1797.1775107948642","1797.1775107948642","1712.7153614722224","1712.7153614722224","1712.7153614722224","1683.6307806172365","1683.6307806172365","1683.6307806172365"
"10","","","","","","","","","","2104.4082320900707","2104.4082320900707","2104.4082320900707","1908.3731043344524","1908.3731043344524","1908.3731043344524","2154.1616826760333","2154.1616826760333","2154.1616826760333","2370.7759888747432","2370.7759888747432","2370.7759888747432","2125.6946619987875","2125.6946619987875","2125.6946619987875","1820.3974839698128","1820.3974839698128","1820.3974839698128","2182.4717891028763","2182.4717891028763","2182.4717891028763"
"20","","","","","","","","","","2910.216901688275","2910.216901688275","2910.216901688275","3094.0564663218506","3094.0564663218506","3094.0564663218506","2853.3526646758532","2853.3526646758532","2853.3526646758532","2889.362378424756","2889.362378424756","2889.362378424756","2894.7134123046444","2894.7134123046444","2894.7134123046444","2737.7652894704074","2737.7652894704074","2737.7652894704074","3361.3164120867364","3361.3164120867364","3361.3164120867364"
"30","","","","","","","","","","3968.6457385248013","3968.6457385248013","3968.6457385248013","3633.868684083158","3633.868684083158","3633.868684083158","2959.0942375876184","2959.0942375876184","2959.0942375876184","3836.1638937727757","3836.1638937727757","3836.1638937727757","3914.8732905147854","3914.8732905147854","3914.8732905147854","3816.554987069364","3816.554987069364","3816.554987069364","4052.3645049813567","4052.3645049813567","4052.3645049813567"
"40","","","","","","","","","","4301.4378357789265","4301.4378357789265","4301.4378357789265","4217.131139537318","4217.131139537318","4217.131139537318","3222.319005834392","3222.319005834392","3222.319005834392","4133.933826245746","4133.933826245746","4133.933826245746","4482.942751203791","4482.942751203791","4482.942751203791","4630.497174008941","4630.497174008941","4630.497174008941","4645.496873497036","4645.496873497036","4645.496873497036"
"50","","","","","","","","","","4925.208057918854","4925.208057918854","4925.208057918854","4652.965071801489","4652.965071801489","4652.965071801489","3661.951299254343","3661.951299254343","3661.951299254343","4343.173182068015","4343.173182068015","4343.173182068015","4600.519483237386","4600.519483237386","4600.519483237386","4784.681864578063","4784.681864578063","4784.681864578063","4602.181713768353","4602.181713768353","4602.181713768353"
"60","","","","","","","","","","5076.796530944848","5076.796530944848","5076.796530944848","4658.427145336253","4658.427145336253","4658.427145336253","4401.426472154487","4401.426472154487","4401.426472154487","4389.188030478753","4389.188030478753","4389.188030478753","4824.287710694167","4824.287710694167","4824.287710694167","4838.50327572445","4838.50327572445","4838.50327572445","4860.165756110833","4860.165756110833","4860.165756110833"
"70","","","","","","","","","","4995.739367721915","4995.739367721915","4995.739367721915","4965.455370279315","4965.455370279315","4965.455370279315","4442.796500913486","4442.796500913486","4442.796500913486","4515.352235047836","4515.352235047836","4515.352235047836","5022.887188843448","5022.887188843448","5022.887188843448","4937.584346193761","4937.584346193761","4937.584346193761","5019.084453323332","5019.084453323332","5019.084453323332"
"80","","","","","","","","","","4962.330224219482","4962.330224219482","4962.330224219482","5028.911786871994","5028.911786871994","5028.911786871994","4627.33950677748","4627.33950677748","4627.33950677748","4874.1018706285","4874.1018706285","4874.1018706285","5109.614884674983","5109.614884674983","5109.614884674983","5037.279943344518","5037.279943344518","5037.279943344518","4731.7994669686295","4731.7994669686295","4731.7994669686295"
"90","","","","","","","","","","4831.9075672103945","4831.9075672103945","4831.9075672103945","4843.310181901598","4843.310181901598","4843.310181901598","4567.507463040425","4567.507463040425","4567.507463040425","5061.47900890088","5061.47900890088","5061.47900890088","4991.224379475072","4991.224379475072","4991.224379475072","4999.211400015889","4999.211400015889","4999.211400015889","4934.48082016218","4934.48082016218","4934.48082016218"
"100","","","","","","","","","","4931.847254936054","4931.847254936054","4931.847254936054","4940.383197815276","4940.383197815276","4940.383197815276","4620.855138644045","4620.855138644045","4620.855138644045","4655.162754682684","4655.162754682684","4655.162754682684","5081.1080108107035","5081.1080108107035","5081.1080108107035","5033.017703042332","5033.017703042332","5033.017703042332","4896.909265449324","4896.909265449324","4896.909265449324"
"110","","","","","","","","","","5026.006405028004","5026.006405028004","5026.006405028004","4874.545052732994","4874.545052732994","4874.545052732994","4885.466946145423","4885.466946145423","4885.466946145423","4982.879735398514","4982.879735398514","4982.879735398514","4905.187811984116","4905.187811984116","4905.187811984116","5109.380653084394","5109.380653084394","5109.380653084394","5033.933055148813","5033.933055148813","5033.933055148813"
"120","","","","","","","","","","5031.960596768574","5031.960596768574","5031.960596768574","4892.142608765384","4892.142608765384","4892.142608765384","4831.1665609308575","4831.1665609308575","4831.1665609308575","4967.938257775767","4967.938257775767","4967.938257775767","5063.076780755341","5063.076780755341","5063.076780755341","5027.421743066583","5027.421743066583","5027.421743066583","4918.674734607036","4918.674734607036","4918.674734607036"
"130","","","","","","","","","","5050.092481186311","5050.092481186311","5050.092481186311","4984.202689045911","4984.202689045911","4984.202689045911","4805.622544264294","4805.622544264294","4805.622544264294","4739.545558205939","4739.545558205939","4739.545558205939","5047.125909201875","5047.125909201875","5047.125909201875","4973.6391108416565","4973.6391108416565","4973.6391108416565","5027.049386852309","5027.049386852309","5027.049386852309"
"140","","","","","","","","","","5132.191561607401","5132.191561607401","5132.191561607401","4892.522852827054","4892.522852827054","4892.522852827054","5015.441031362834","5015.441031362834","5015.441031362834","4938.9668591551235","4938.9668591551235","4938.9668591551235","5060.707906563375","5060.707906563375","5060.707906563375","5094.210881150424","5094.210881150424","5094.210881150424","4929.298641759639","4929.298641759639","4929.298641759639"
"150","","","","","","","","","","5023.253823113533","5023.253823113533","5023.253823113533","4966.394018255073","4966.394018255073","4966.394018255073","5106.573488467938","5106.573488467938","5106.573488467938","5013.30619314661","5013.30619314661","5013.30619314661","5002.2419807898605","5002.2419807898605","5002.2419807898605","5011.229900473692","5011.229900473692","5011.229900473692","4848.198566576859","4848.198566576859","4848.198566576859"
"160","","","","","","","","","","5079.761860591409","5079.761860591409","5079.761860591409","4730.814814113441","4730.814814113441","4730.814814113441","4967.757810931083","4967.757810931083","4967.757810931083","5094.703697038265","5094.703697038265","5094.703697038265","4970.455423531591","4970.455423531591","4970.455423531591","5085.596065086014","5085.596065086014","5085.596065086014","5040.381231177695","5040.381231177695","5040.381231177695"
"170","","","","","","","","","","5006.345711265521","5006.345711265521","5006.345711265521","4839.682695640782","4839.682695640782","4839.682695640782","4955.35016375438","4955.35016375438","4955.35016375438","4872.793956920287","4872.793956920287","4872.793956920287","5061.6802700208045","5061.6802700208045","5061.6802700208045","4992.318673311265","4992.318673311265","4992.318673311265","5073.476588393711","5073.476588393711","5073.476588393711"
"180","","","","","","","","","","4945.416788352573","4945.416788352573","4945.416788352573","4757.726992893478","4757.726992893478","4757.726992893478","4997.683733457425","4997.683733457425","4997.683733457425","5068.069828171666","5068.069828171666","5068.069828171666","4932.018095438941","4932.018095438941","4932.018095438941","5007.603068645332","5007.603068645332","5007.603068645332","4702.4982105460695","4702.4982105460695","4702.4982105460695"
"190","","","","","","","","","","5022.0879053566505","5022.0879053566505","5022.0879053566505","4906.825388383794","4906.825388383794","4906.825388383794","4991.974765462766","4991.974765462766","4991.974765462766","5016.703816334218","5016.703816334218","5016.703816334218","4961.726554116488","4961.726554116488","4961.726554116488","4985.399333101849","4985.399333101849","4985.399333101849","5042.782938341807","5042.782938341807","5042.782938341807"
"5000","467.0600977419452","467.0600977419452","467.0600977419452","528.0702367561765","528.0702367561765","528.0702367561765","447.6628446829234","447.6628446829234","447.6628446829234","","","","","","","","","","","","","","","","","","","","",""
"10000","413.4566337475523","413.4566337475523","413.4566337475523","556.0198988143775","556.0198988143775","556.0198988143775","582.0048908921793","582.0048908921793","582.0048908921793","","","","","","","","","","","","","","","","","","","","",""
"15000","614.2509339025332","614.2509339025332","614.2509339025332","652.2179213738654","652.2179213738654","652.2179213738654","531.520103317796","531.520103317796","531.520103317796","","","","","","","","","","","","","","","","","","","","",""
"20000","642.7789882484028","642.7789882484028","642.7789882484028","690.916551399714","690.916551399714","690.916551399714","625.8416073395967","625.8416073395967","625.8416073395967","","","","","","","","","","","","","","","","","","","","",""
"25000","777.313888802581","777.313888802581","777.313888802581","832.300660444107","832.300660444107","832.300660444107","661.6852888795613","661.6852888795613","661.6852888795613","","","","","","","","","","","","","","","","","","","","",""
"30000","934.0843611025211","934.0843611025211","934.0843611025211","811.281054772835","811.281054772835","811.281054772835","675.2266868895282","675.2266868895282","675.2266868895282","","","","","","","","","","","","","","","","","","","","",""
"35000","854.6962300696381","854.6962300696381","854.6962300696381","776.2393548378349","776.2393548378349","776.2393548378349","966.1050444210532","966.1050444210532","966.1050444210532","","","","","","","","","","","","","","","","","","","","",""
"40000","724.2649095100936","724.2649095100936","724.2649095100936","874.1262748666342","874.1262748666342","874.1262748666342","974.0091311267337","974.0091311267337","974.0091311267337","","","","","","","","","","","","","","","","","","","","",""
"45000","904.6896242153159","904.6896242153159","904.6896242153159","988.4585384887725","988.4585384887725","988.4585384887725","1109.8829775872136","1109.8829775872136","1109.8829775872136","","","","","","","","","","","","","","","","","","","","",""
"50000","1106.4697051501412","1106.4697051501412","1106.4697051501412","1214.212664813002","1214.212664813002","1214.212664813002","1170.7429251770486","1170.7429251770486","1170.7429251770486","","","","","","","","","","","","","","","","","","","","",""
"55000","1330.8010190960854","1330.8010190960854","1330.8010190960854","836.5061870958834","836.5061870958834","836.5061870958834","1200.7138546397377","1200.7138546397377","1200.7138546397377","","","","","","","","","","","","","","","","","","","","",""
"60000","803.7060773854593","803.7060773854593","803.7060773854593","922.2201963718411","922.2201963718411","922.2201963718411","825.594836850553","825.594836850553","825.594836850553","","","","","","","","","","","","","","","","","","","","",""
"65000","890.2504590997772","890.2504590997772","890.2504590997772","960.8049988408214","960.8049988408214","960.8049988408214","999.9192384884952","999.9192384884952","999.9192384884952","","","","","","","","","","","","","","","","","","","","",""
"70000","1216.0808584376814","1216.0808584376814","1216.0808584376814","1085.7376745671327","1085.7376745671327","1085.7376745671327","1200.481793969103","1200.481793969103","1200.481793969103","","","","","","","","","","","","","","","","","","","","",""
"75000","1998.762272110255","1998.762272110255","1998.762272110255","1066.3379446740519","1066.3379446740519","1066.3379446740519","1137.2171503783254","1137.2171503783254","1137.2171503783254","","","","","","","","","","","","","","","","","","","","",""
"80000","1596.686931333352","1596.686931333352","1596.686931333352","1442.3757494530876","1442.3757494530876","1442.3757494530876","972.1772759825096","972.1772759825096","972.1772759825096","","","","","","","","","","","","","","","","","","","","",""
"85000","888.9332048511897","888.9332048511897","888.9332048511897","1403.400044941869","1403.400044941869","1403.400044941869","897.0520681158778","897.0520681158778","897.0520681158778","","","","","","","","","","","","","","","","","","","","",""
"90000","1309.0305199550749","1309.0305199550749","1309.0305199550749","1417.6091193842549","1417.6091193842549","1417.6091193842549","1084.9305492551473","1084.9305492551473","1084.9305492551473","","","","","","","","","","","","","","","","","","","","",""
"95000","1531.7347398666177","1531.7347398666177","1531.7347398666177","1251.0503736642108","1251.0503736642108","1251.0503736642108","1439.4204794832847","1439.4204794832847","1439.4204794832847","","","","","","","","","","","","","","","","","","","","",""
"100000","1006.909160674717","1006.909160674717","1006.909160674717","1421.197580935643","1421.197580935643","1421.197580935643","1065.6597701458488","1065.6597701458488","1065.6597701458488","","","","","","","","","","","","","","","","","","","","",""
"105000","1298.4477158670197","1298.4477158670197","1298.4477158670197","1007.191736358129","1007.191736358129","1007.191736358129","1145.7106003415074","1145.7106003415074","1145.7106003415074","","","","","","","","","","","","","","","","","","","","",""
"110000","996.8541524162623","996.8541524162623","996.8541524162623","963.4666731801871","963.4666731801871","963.4666731801871","1509.7251537727843","1509.7251537727843","1509.7251537727843","","","","","","","","","","","","","","","","","","","","",""
"115000","1002.1442316926601","1002.1442316926601","1002.1442316926601","1076.6531191397235","1076.6531191397235","1076.6531191397235","1555.004232668826","1555.004232668826","1555.004232668826","","","","","","","","","","","","","","","","","","","","",""
"120000","1163.2829879634678","1163.2829879634678","1163.2829879634678","1258.180691486344","1258.180691486344","1258.180691486344","756.2691641264165","756.2691641264165","756.2691641264165","","","","","","","","","","","","","","","","","","","","",""
"125000","1025.7555156194899","1025.7555156194899","1025.7555156194899","1574.7041303257602","1574.7041303257602","1574.7041303257602","1161.0503841288246","1161.0503841288246","1161.0503841288246","","","","","","","","","","","","","","","","","","","","",""
"130000","1824.2566420785017","1824.2566420785017","1824.2566420785017","907.9342604853923","907.9342604853923","907.9342604853923","924.0985808539875","924.0985808539875","924.0985808539875","","","","","","","","","","","","","","","","","","","","",""
"135000","1397.0945264742313","1397.0945264742313","1397.0945264742313","1681.679530985239","1681.679530985239","1681.679530985239","1835.9756718820722","1835.9756718820722","1835.9756718820722","","","","","","","","","","","","","","","","","","","","",""
"140000","1425.8768776811207","1425.8768776811207","1425.8768776811207","1400.2503978459715","1400.2503978459715","1400.2503978459715","1469.805533132761","1469.805533132761","1469.805533132761","","","","","","","","","","","","","","","","","","","","",""
"145000","1249.8318226663996","1249.8318226663996","1249.8318226663996","1302.4769735671287","1302.4769735671287","1302.4769735671287","792.181462535726","792.181462535726","792.181462535726","","","","","","","","","","","","","","","","","","","","",""
"150000","1698.2094800410014","1698.2094800410014","1698.2094800410014","1305.2107162632904","1305.2107162632904","1305.2107162632904","1240.4439848088762","1240.4439848088762","1240.4439848088762","","","","","","","","","","","","","","","","","","","","",""
"155000","1299.7588127345152","1299.7588127345152","1299.7588127345152","1407.3911194596178","1407.3911194596178","1407.3911194596178","1527.4000139951256","1527.4000139951256","1527.4000139951256","","","","","","","","","","","","","","","","","","","","",""
"160000","966.912522776691","966.912522776691","966.912522776691","1208.8666351732973","1208.8666351732973","1208.8666351732973","1570.057780135834","1570.057780135834","1570.057780135834","","","","","","","","","","","","","","","","","","","","",""
"165000","1614.7262668535905","1614.7262668535905","1614.7262668535905","1216.6020588903737","1216.6020588903737","1216.6020588903737","1209.7736523101596","1209.7736523101596","1209.7736523101596","","","","","","","","","","","","","","","","","","","","",""
"170000","1610.0029801564765","1610.0029801564765","1610.0029801564765","1398.331740606914","1398.331740606914","1398.331740606914","1227.4180534688346","1227.4180534688346","1227.4180534688346","","","","","","","","","","","","","","","","","","","","",""
"175000","1282.8362125119606","1282.8362125119606","1282.8362125119606","1430.5561069741973","1430.5561069741973","1430.5561069741973","1093.1263445952673","1093.1263445952673","1093.1263445952673","","","","","","","","","","","","","","","","","","","","",""
"180000","1133.6056780975478","1133.6056780975478","1133.6056780975478","1717.0503304665647","1717.0503304665647","1717.0503304665647","882.3520327032509","882.3520327032509","882.3520327032509","","","","","","","","","","","","","","","","","","","","",""
"185000","1311.7201556779055","1311.7201556779055","1311.7201556779055","1440.4083044764986","1440.4083044764986","1440.4083044764986","1411.251881834026","1411.251881834026","1411.251881834026","","","","","","","","","","","","","","","","","","","","",""
"190000","1301.401428467763","1301.401428467763","1301.401428467763","1267.9017931560682","1267.9017931560682","1267.9017931560682","1559.6527167300917","1559.6527167300917","1559.6527167300917","","","","","","","","","","","","","","","","","","","","",""
"195000","1560.7175911140175","1560.7175911140175","1560.7175911140175","1282.0653905850163","1282.0653905850163","1282.0653905850163","1062.8964101488473","1062.8964101488473","1062.8964101488473","","","","","","","","","","","","","","","","","","","","",""
"200000","1962.9434610697972","1962.9434610697972","1962.9434610697972","1708.5335207992255","1708.5335207992255","1708.5335207992255","1362.144999447411","1362.144999447411","1362.144999447411","","","","","","","","","","","","","","","","","","","","",""
"205000","829.5654020802941","829.5654020802941","829.5654020802941","768.8636001955824","768.8636001955824","768.8636001955824","760.7585581187822","760.7585581187822","760.7585581187822","","","","","","","","","","","","","","","","","","","","",""
"210000","781.6615442572784","781.6615442572784","781.6615442572784","664.1436744169985","664.1436744169985","664.1436744169985","828.8086488429217","828.8086488429217","828.8086488429217","","","","","","","","","","","","","","","","","","","","",""
"215000","838.2774113773958","838.2774113773958","838.2774113773958","769.8262572602817","769.8262572602817","769.8262572602817","1094.1480601499752","1094.1480601499752","1094.1480601499752","","","","","","","","","","","","","","","","","","","","",""
"220000","803.0079648481865","803.0079648481865","803.0079648481865","911.03385612106","911.03385612106","911.03385612106","1201.9379076129346","1201.9379076129346","1201.9379076129346","","","","","","","","","","","","","","","","","","","","",""
"225000","1134.9849734105162","1134.9849734105162","1134.9849734105162","841.4435830310257","841.4435830310257","841.4435830310257","853.8848382992445","853.8848382992445","853.8848382992445","","","","","","","","","","","","","","","","","","","","",""
"230000","839.1167649650484","839.1167649650484","839.1167649650484","651.3557995210081","651.3557995210081","651.3557995210081","1114.0127108873328","1114.0127108873328","1114.0127108873328","","","","","","","","","","","","","","","","","","","","",""
"235000","736.060297614416","736.060297614416","736.060297614416","957.9731217153399","957.9731217153399","957.9731217153399","1143.2654307747716","1143.2654307747716","1143.2654307747716","","","","","","","","","","","","","","","","","","","","",""
"240000","877.1895431127076","877.1895431127076","877.1895431127076","626.6625877205178","626.6625877205178","626.6625877205178","1205.3536067313598","1205.3536067313598","1205.3536067313598","","","","","","","","","","","","","","","","","","","","",""
"245000","1124.38698483666","1124.38698483666","1124.38698483666","817.5392765580356","817.5392765580356","817.5392765580356","943.1525353585394","943.1525353585394","943.1525353585394","","","","","","","","","","","","","","","","","","","","",""
"250000","981.3776107061417","981.3776107061417","981.3776107061417","858.6159699145654","858.6159699145654","858.6159699145654","1383.9939881291027","1383.9939881291027","1383.9939881291027","","","","","","","","","","","","","","","","","","","","",""
"255000","1178.7045340875247","1178.7045340875247","1178.7045340875247","1161.8533531980215","1161.8533531980215","1161.8533531980215","1074.241293500293","1074.241293500293","1074.241293500293","","","","","","","","","","","","","","","","","","","","",""
"260000","1142.2135177091695","1142.2135177091695","1142.2135177091695","1089.7273445962276","1089.7273445962276","1089.7273445962276","1141.2155535409338","1141.2155535409338","1141.2155535409338","","","","","","","","","","","","","","","","","","","","",""
"265000","1144.1357237440752","1144.1357237440752","1144.1357237440752","876.5878910660061","876.5878910660061","876.5878910660061","981.4013855630026","981.4013855630026","981.4013855630026","","","","","","","","","","","","","","","","","","","","",""
"270000","1107.2981630867919","1107.2981630867919","1107.2981630867919","1242.1866144803807","1242.1866144803807","1242.1866144803807","1078.2014333722386","1078.2014333722386","1078.2014333722386","","","","","","","","","","","","","","","","","","","","",""
"275000","1727.9203335509194","1727.9203335509194","1727.9203335509194","783.5433107174293","783.5433107174293","783.5433107174293","1131.556928431731","1131.556928431731","1131.556928431731","","","","","","","","","","","","","","","","","","","","",""
"280000","1189.505647887814","1189.505647887814","1189.505647887814","849.0078473328853","849.0078473328853","849.0078473328853","1261.6389437449318","1261.6389437449318","1261.6389437449318","","","","","","","","","","","","","","","","","","","","",""
"285000","1230.742859178212","1230.742859178212","1230.742859178212","1110.949515042736","1110.949515042736","1110.949515042736","1033.6469633558254","1033.6469633558254","1033.6469633558254","","","","","","","","","","","","","","","","","","","","",""
"290000","1077.6873464633713","1077.6873464633713","1077.6873464633713","1227.976117280836","1227.976117280836","1227.976117280836","1357.495210373363","1357.495210373363","1357.495210373363","","","","","","","","","","","","","","","","","","","","",""
"295000","979.2669146359164","979.2669146359164","979.2669146359164","1100.4134989461854","1100.4134989461854","1100.4134989461854","1389.320594647317","1389.320594647317","1389.320594647317","","","","","","","","","","","","","","","","","","","","",""
"300000","935.9540015374321","935.9540015374321","935.9540015374321","941.6836723265463","941.6836723265463","941.6836723265463","1304.9330102286194","1304.9330102286194","1304.9330102286194","","","","","","","","","","","","","","","","","","","","",""
"305000","1190.5655271255964","1190.5655271255964","1190.5655271255964","803.0266549717672","803.0266549717672","803.0266549717672","1563.8170680375295","1563.8170680375295","1563.8170680375295","","","","","","","","","","","","","","","","","","","","",""
"310000","1234.869441108021","1234.869441108021","1234.869441108021","1199.0007415726764","1199.0007415726764","1199.0007415726764","1020.7956098415826","1020.7956098415826","1020.7956098415826","","","","","","","","","","","","","","","","","","","","",""
"315000","1104.748823478801","1104.748823478801","1104.748823478801","942.4286218068039","942.4286218068039","942.4286218068039","1751.5682090831926","1751.5682090831926","1751.5682090831926","","","","","","","","","","","","","","","","","","","","",""
"320000","2100.518918116201","2100.518918116201","2100.518918116201","991.9059462302296","991.9059462302296","991.9059462302296","1280.917525867744","1280.917525867744","1280.917525867744","","","","","","","","","","","","","","","","","","","","",""
"325000","994.2133037148527","994.2133037148527","994.2133037148527","1212.1217412528017","1212.1217412528017","1212.1217412528017","1752.0904258845308","1752.0904258845308","1752.0904258845308","","","","","","","","","","","","","","","","","","","","",""
"330000","2485.7626470177584","2485.7626470177584","2485.7626470177584","1213.5473179626606","1213.5473179626606","1213.5473179626606","1332.434023244652","1332.434023244652","1332.434023244652","","","","","","","","","","","","","","","","","","","","",""
"335000","1068.0128304831737","1068.0128304831737","1068.0128304831737","1267.2224621098019","1267.2224621098019","1267.2224621098019","1302.0473578970277","1302.0473578970277","1302.0473578970277","","","","","","","","","","","","","","","","","","","","",""
"340000","1351.9589233892111","1351.9589233892111","1351.9589233892111","1332.7637484252189","1332.7637484252189","1332.7637484252189","1406.5268333202328","1406.5268333202328","1406.5268333202328","","","","","","","","","","","","","","","","","","","","",""
"345000","1645.6533002082076","1645.6533002082076","1645.6533002082076","1116.3087900528542","1116.3087900528542","1116.3087900528542","1779.9191372514658","1779.9191372514658","1779.9191372514658","","","","","","","","","","","","","","","","","","","","",""
"350000","1304.971227417737","1304.971227417737","1304.971227417737","1361.3793625398268","1361.3793625398268","1361.3793625398268","997.8482763527039","997.8482763527039","997.8482763527039","","","","","","","","","","","","","","","","","","","","",""
"355000","1228.2381042314862","1228.2381042314862","1228.2381042314862","1103.1214127865783","1103.1214127865783","1103.1214127865783","1176.3346521686285","1176.3346521686285","1176.3346521686285","","","","","","","","","","","","","","","","","","","","",""
"360000","1277.8032156052273","1277.8032156052273","1277.8032156052273","921.9450525791157","921.9450525791157","921.9450525791157","1705.7539498316592","1705.7539498316592","1705.7539498316592","","","","","","","","","","","","","","","","","","","","",""
"365000","1671.6789617564705","1671.6789617564705","1671.6789617564705","1135.3559853553347","1135.3559853553347","1135.3559853553347","2387.252739314009","2387.252739314009","2387.252739314009","","","","","","","","","","","","","","","","","","","","",""
"370000","2046.374564006097","2046.374564006097","2046.374564006097","1773.7816027851572","1773.7816027851572","1773.7816027851572","1517.7257312276242","1517.7257312276242","1517.7257312276242","","","","","","","","","","","","","","","","","","","","",""
"375000","2699.8156514785283","2699.8156514785283","2699.8156514785283","1574.3381012696518","1574.3381012696518","1574.3381012696518","1984.3535721253052","1984.3535721253052","1984.3535721253052","","","","","","","","","","","","","","","","","","","","",""
"380000","1284.7175411958294","1284.7175411958294","1284.7175411958294","946.3487766903482","946.3487766903482","946.3487766903482","2243.4169467112497","2243.4169467112497","2243.4169467112497","","","","","","","","","","","","","","","","","","","","",""
"385000","1456.3420047688276","1456.3420047688276","1456.3420047688276","1205.9532359738123","1205.9532359738123","1205.9532359738123","1093.1520357453178","1093.1520357453178","1093.1520357453178","","","","","","","","","","","","","","","","","","","","",""
"390000","1219.2050377794642","1219.2050377794642","1219.2050377794642","2569.791388717824","2569.791388717824","2569.791388717824","1116.4237752070808","1116.4237752070808","1116.4237752070808","","","","","","","","","","","","","","","","","","","","",""
"395000","1666.2873212340426","1666.2873212340426","1666.2873212340426","1349.7084538424917","1349.7084538424917","1349.7084538424917","1405.5086421138049","1405.5086421138049","1405.5086421138049","","","","","","","","","","","","","","","","","","","","",""
"400000","1058.0121242951595","1058.0121242951595","1058.0121242951595","1528.8643698269616","1528.8643698269616","1528.8643698269616","3228.2897558835252","3228.2897558835252","3228.2897558835252","","","","","","","","","","","","","","","","","","","","",""
"405000","1696.4803821914884","1696.4803821914884","1696.4803821914884","1037.4179758303192","1037.4179758303192","1037.4179758303192","1540.7181978213982","1540.7181978213982","1540.7181978213982","","","","","","","","","","","","","","","","","","","","",""
"410000","1336.7752949804437","1336.7752949804437","1336.7752949804437","1725.9194983449402","1725.9194983449402","1725.9194983449402","1271.317348507739","1271.317348507739","1271.317348507739","","","","","","","","","","","","","","","","","","","","",""
"415000","1068.6266725012276","1068.6266725012276","1068.6266725012276","1907.1868100685626","1907.1868100685626","1907.1868100685626","1665.2199192840362","1665.2199192840362","1665.2199192840362","","","","","","","","","","","","","","","","","","","","",""
"420000","1220.1829587330858","1220.1829587330858","1220.1829587330858","1369.2896280050325","1369.2896280050325","1369.2896280050325","1239.8983729433094","1239.8983729433094","1239.8983729433094","","","","","","","","","","","","","","","","","","","","",""
"425000","2303.198194934823","2303.198194934823","2303.198194934823","1169.408159743215","1169.408159743215","1169.408159743215","1623.8476955430172","1623.8476955430172","1623.8476955430172","","","","","","","","","","","","","","","","","","","","",""
"430000","1126.284238905432","1126.284238905432","1126.284238905432","1693.9721648416125","1693.9721648416125","1693.9721648416125","1634.025497825709","1634.025497825709","1634.025497825709","","","","","","","","","","","","","","","","","","","","",""
"435000","944.4889818154013","944.4889818154013","944.4889818154013","1823.578656350332","1823.578656350332","1823.578656350332","1978.4287410578006","1978.4287410578006","1978.4287410578006","","","","","","","","","","","","","","","","","","","","",""
"440000","2059.0950255283424","2059.0950255283424","2059.0950255283424","2549.973520509412","2549.973520509412","2549.973520509412","1873.849785702529","1873.849785702529","1873.849785702529","","","","","","","","","","","","","","","","","","","","",""
"445000","1361.8195545347364","1361.8195545347364","1361.8195545347364","1165.073231349295","1165.073231349295","1165.073231349295","1792.636108621497","1792.636108621497","1792.636108621497","","","","","","","","","","","","","","","","","","","","",""
"450000","1553.6405373657735","1553.6405373657735","1553.6405373657735","1195.601535727324","1195.601535727324","1195.601535727324","1208.632801760264","1208.632801760264","1208.632801760264","","","","","","","","","","","","","","","","","","","","",""
"455000","1291.3959526370418","1291.3959526370418","1291.3959526370418","1122.496942015016","1122.496942015016","1122.496942015016","1312.2990678543754","1312.2990678543754","1312.2990678543754","","","","","","","","","","","","","","","","","","","","",""
"460000","1516.9055268900538","1516.9055268900538","1516.9055268900538","2317.7211019026236","2317.7211019026236","2317.7211019026236","1640.345729247965","1640.345729247965","1640.345729247965","","","","","","","","","","","","","","","","","","","","",""
"465000","3608.378611751054","3608.378611751054","3608.378611751054","1452.4037373682252","1452.4037373682252","1452.4037373682252","1405.9281126509695","1405.9281126509695","1405.9281126509695","","","","","","","","","","","","","","","","","","","","",""
"470000","1686.6064526259186","1686.6064526259186","1686.6064526259186","877.0273239011902","877.0273239011902","877.0273239011902","1949.012966870742","1949.012966870742","1949.012966870742","","","","","","","","","","","","","","","","","","","","",""
"475000","3013.1592408332717","3013.1592408332717","3013.1592408332717","1490.6065389353414","1490.6065389353414","1490.6065389353414","1959.612274041033","1959.612274041033","1959.612274041033","","","","","","","","","","","","","","","","","","","","",""
"480000","1583.157036685271","1583.157036685271","1583.157036685271","1934.0848149878154","1934.0848149878154","1934.0848149878154","2159.2950108782825","2159.2950108782825","2159.2950108782825","","","","","","","","","","","","","","","","","","","","",""
"485000","1072.8020741084792","1072.8020741084792","1072.8020741084792","1880.008732169256","1880.008732169256","1880.008732169256","2093.509215886703","2093.509215886703","2093.509215886703","","","","","","","","","","","","","","","","","","","","",""
"490000","1494.825984016568","1494.825984016568","1494.825984016568","2307.7196448379004","2307.7196448379004","2307.7196448379004","1695.705586432288","1695.705586432288","1695.705586432288","","","","","","","","","","","","","","","","","","","","",""
"495000","2537.956087671326","2537.956087671326","2537.956087671326","2509.091590760963","2509.091590760963","2509.091590760963","2332.623770064363","2332.623770064363","2332.623770064363","","","","","","","","","","","","","","","","","","","","",""
"500000","1741.7537763395583","1741.7537763395583","1741.7537763395583","3442.2372969174926","3442.2372969174926","3442.2372969174926","1569.8932653925265","1569.8932653925265","1569.8932653925265","","","","","","","","","","","","","","","","","","","","",""
"505000","4312.79971609811","4312.79971609811","4312.79971609811","1665.3933731469574","1665.3933731469574","1665.3933731469574","1545.0921629486631","1545.0921629486631","1545.0921629486631","","","","","","","","","","","","","","","","","","","","",""
"510000","1597.429169008318","1597.429169008318","1597.429169008318","2531.734550000369","2531.734550000369","2531.734550000369","1974.98859329367","1974.98859329367","1974.98859329367","","","","","","","","","","","","","","","","","","","","",""
"515000","1249.2315982900357","1249.2315982900357","1249.2315982900357","1423.2175964364158","1423.2175964364158","1423.2175964364158","1732.6445155230438","1732.6445155230438","1732.6445155230438","","","","","","","","","","","","","","","","","","","","",""
"520000","1666.0356670899628","1666.0356670899628","1666.0356670899628","2490.1869897614342","2490.1869897614342","2490.1869897614342","1933.1666503147294","1933.1666503147294","1933.1666503147294","","","","","","","","","","","","","","","","","","","","",""
"525000","2529.956438361913","2529.956438361913","2529.956438361913","1585.5114098128927","1585.5114098128927","1585.5114098128927","2073.592379025839","2073.592379025839","2073.592379025839","","","","","","","","","","","","","","","","","","","","",""
"530000","1054.1695559009654","1054.1695559009654","1054.1695559009654","2081.426260098654","2081.426260098654","2081.426260098654","1669.1405336357318","1669.1405336357318","1669.1405336357318","","","","","","","","","","","","","","","","","","","","",""
"535000","1232.0698986802452","1232.0698986802452","1232.0698986802452","1470.756833034276","1470.756833034276","1470.756833034276","2021.8837416820825","2021.8837416820825","2021.8837416820825","","","","","","","","","","","","","","","","","","","","",""
"540000","2772.131000251816","2772.131000251816","2772.131000251816","1899.2193630840338","1899.2193630840338","1899.2193630840338","2191.0465789868044","2191.0465789868044","2191.0465789868044","","","","","","","","","","","","","","","","","","","","",""
"545000","1875.3720539183232","1875.3720539183232","1875.3720539183232","1670.3662258420275","1670.3662258420275","1670.3662258420275","1648.6125061100865","1648.6125061100865","1648.6125061100865","","","","","","","","","","","","","","","","","","","","",""
"550000","1495.3475901053926","1495.3475901053926","1495.3475901053926","1634.697393114076","1634.697393114076","1634.697393114076","1917.9324823692598","1917.9324823692598","1917.9324823692598","","","","","","","","","","","","","","","","","","","","",""
"555000","2068.9369642342576","2068.9369642342576","2068.9369642342576","1691.4396783768057","1691.4396783768057","1691.4396783768057","1933.8039763932538","1933.8039763932538","1933.8039763932538","","","","","","","","","","","","","","","","","","","","",""
"560000","1483.1953963401254","1483.1953963401254","1483.1953963401254","2318.4020231943286","2318.4020231943286","2318.4020231943286","1727.8168660539882","1727.8168660539882","1727.8168660539882","","","","","","","","","","","","","","","","","","","","",""
"565000","2528.7304707044746","2528.7304707044746","2528.7304707044746","2334.347607007821","2334.347607007821","2334.347607007821","1681.9160932170257","1681.9160932170257","1681.9160932170257","","","","","","","","","","","","","","","","","","","","",""
"570000","1671.4336391099976","1671.4336391099976","1671.4336391099976","3505.4299291894813","3505.4299291894813","3505.4299291894813","2035.6838730704603","2035.6838730704603","2035.6838730704603","","","","","","","","","","","","","","","","","","","","",""
"575000","2481.1104240718073","2481.1104240718073","2481.1104240718073","2663.864916183092","2663.864916183092","2663.864916183092","1822.4456149891168","1822.4456149891168","1822.4456149891168","","","","","","","","","","","","","","","","","","","","",""
"580000","1201.4539488273629","1201.4539488273629","1201.4539488273629","1489.3072942209312","1489.3072942209312","1489.3072942209312","2565.851239366223","2565.851239366223","2565.851239366223","","","","","","","","","","","","","","","","","","","","",""
"585000","1601.6327240315313","1601.6327240315313","1601.6327240315313","2358.424384621624","2358.424384621624","2358.424384621624","3153.7586256218806","3153.7586256218806","3153.7586256218806","","","","","","","","","","","","","","","","","","","","",""
"590000","1509.9906586280692","1509.9906586280692","1509.9906586280692","1723.3868161079715","1723.3868161079715","1723.3868161079715","2390.4542687595344","2390.4542687595344","2390.4542687595344","","","","","","","","","","","","","","","","","","","","",""
"595000","2300.098443534713","2300.098443534713","2300.098443534713","2530.638314227757","2530.638314227757","2530.638314227757","2155.626712125905","2155.626712125905","2155.626712125905","","","","","","","","","","","","","","","","","","","","",""
"600000","2306.196021004688","2306.196021004688","2306.196021004688","3173.5901423397568","3173.5901423397568","3173.5901423397568","1568.905876281632","1568.905876281632","1568.905876281632","","","","","","","","","","","","","","","","","","","","",""
"605000","2500.6689953862806","2500.6689953862806","2500.6689953862806","1117.3018953978258","1117.3018953978258","1117.3018953978258","1720.6012133764357","1720.6012133764357","1720.6012133764357","","","","","","","","","","","","","","","","","","","","",""
"610000","2491.616051654719","2491.616051654719","2491.616051654719","2437.0600833217068","2437.0600833217068","2437.0600833217068","2078.581009166136","2078.581009166136","2078.581009166136","","","","","","","","","","","","","","","","","","","","",""
"615000","3526.1036152208594","3526.1036152208594","3526.1036152208594","1695.7176332856498","1695.7176332856498","1695.7176332856498","2537.0488215407645","2537.0488215407645","2537.0488215407645","","","","","","","","","","","","","","","","","","","","",""
"620000","1333.8947093577403","1333.8947093577403","1333.8947093577403","1362.6948370095267","1362.6948370095267","1362.6948370095267","3797.2758840934157","3797.2758840934157","3797.2758840934157","","","","","","","","","","","","","","","","","","","","",""
"625000","2031.3231052242568","2031.3231052242568","2031.3231052242568","2012.2451991398802","2012.2451991398802","2012.2451991398802","2456.9319161338817","2456.9319161338817","2456.9319161338817","","","","","","","","","","","","","","","","","","","","",""
"630000","1426.4008154753847","1426.4008154753847","1426.4008154753847","2047.2035155796798","2047.2035155796798","2047.2035155796798","1266.4314391502373","1266.4314391502373","1266.4314391502373","","","","","","","","","","","","","","","","","","","","",""
"635000","3322.699154772259","3322.699154772259","3322.699154772259","1379.2380307459275","1379.2380307459275","1379.2380307459275","1619.0068048934809","1619.0068048934809","1619.0068048934809","","","","","","","","","","","","","","","","","","","","",""
"640000","2244.375178157983","2244.375178157983","2244.375178157983","1985.1637804996287","1985.1637804996287","1985.1637804996287","3196.171353893869","3196.171353893869","3196.171353893869","","","","","","","","","","","","","","","","","","","","",""
"645000","2115.779689762387","2115.779689762387","2115.779689762387","2662.8767822863592","2662.8767822863592","2662.8767822863592","2562.402215637462","2562.402215637462","2562.402215637462","","","","","","","","","","","","","","","","","","","","",""
"650000","1865.3645504512144","1865.3645504512144","1865.3645504512144","2111.086365575989","2111.086365575989","2111.086365575989","1773.6089648971822","1773.6089648971822","1773.6089648971822","","","","","","","","","","","","","","","","","","","","",""
"655000","1709.742579362659","1709.742579362659","1709.742579362659","1934.7149958493203","1934.7149958493203","1934.7149958493203","1551.3223527360917","1551.3223527360917","1551.3223527360917","","","","","","","","","","","","","","","","","","","","",""
"660000","3377.818807356543","3377.818807356543","3377.818807356543","1506.6266565082826","1506.6266565082826","1506.6266565082826","2233.792004829542","2233.792004829542","2233.792004829542","","","","","","","","","","","","","","","","","","","","",""
"665000","1706.156372767808","1706.156372767808","1706.156372767808","2384.8482672937052","2384.8482672937052","2384.8482672937052","2348.479121178831","2348.479121178831","2348.479121178831","","","","","","","","","","","","","","","","","","","","",""
"670000","2474.4611035583644","2474.4611035583644","2474.4611035583644","3363.635555160414","3363.635555160414","3363.635555160414","1894.7040024709731","1894.7040024709731","1894.7040024709731","","","","","","","","","","","","","","","","","","","","",""
"675000","1679.7415792247564","1679.7415792247564","1679.7415792247564","1275.8829518306848","1275.8829518306848","1275.8829518306848","1790.8584090405614","1790.8584090405614","1790.8584090405614","","","","","","","","","","","","","","","","","","","","",""
"680000","2367.665332524764","2367.665332524764","2367.665332524764","2377.281038459586","2377.281038459586","2377.281038459586","2308.457036762625","2308.457036762625","2308.457036762625","","","","","","","","","","","","","","","","","","","","",""
"685000","2583.3422073309885","2583.3422073309885","2583.3422073309885","2375.1816948353194","2375.1816948353194","2375.1816948353194","1784.0316558098336","1784.0316558098336","1784.0316558098336","","","","","","","","","","","","","","","","","","","","",""
"690000","1364.9937113872595","1364.9937113872595","1364.9937113872595","2543.213364461676","2543.213364461676","2543.213364461676","5269.848094705006","5269.848094705006","5269.848094705006","","","","","","","","","","","","","","","","","","","","",""
"695000","4212.778927230864","4212.778927230864","4212.778927230864","2819.9104917869913","2819.9104917869913","2819.9104917869913","2383.504481725447","2383.504481725447","2383.504481725447","","","","","","","","","","","","","","","","","","","","",""
"700000","1654.4838102146707","1654.4838102146707","1654.4838102146707","2216.624195335128","2216.624195335128","2216.624195335128","2179.4971199696006","2179.4971199696006","2179.4971199696006","","","","","","","","","","","","","","","","","","","","",""
"705000","3159.491562883313","3159.491562883313","3159.491562883313","1261.4026979870307","1261.4026979870307","1261.4026979870307","2508.6556214056104","2508.6556214056104","2508.6556214056104","","","","","","","","","","","","","","","","","","","","",""
"710000","1681.3064302513571","1681.3064302513571","1681.3064302513571","2675.2835509989327","2675.2835509989327","2675.2835509989327","1669.3720378552914","1669.3720378552914","1669.3720378552914","","","","","","","","","","","","","","","","","","","","",""
"715000","1892.2764508959604","1892.2764508959604","1892.2764508959604","1642.323101005858","1642.323101005858","1642.323101005858","1592.0638795299624","1592.0638795299624","1592.0638795299624","","","","","","","","","","","","","","","","","","","","",""
"720000","2425.445130515897","2425.445130515897","2425.445130515897","1849.0572173794287","1849.0572173794287","1849.0572173794287","2946.225254714138","2946.225254714138","2946.225254714138","","","","","","","","","","","","","","","","","","","","",""
"725000","1805.332290223439","1805.332290223439","1805.332290223439","2252.744029706663","2252.744029706663","2252.744029706663","1920.0680153461672","1920.0680153461672","1920.0680153461672","","","","","","","","","","","","","","","","","","","","",""
"730000","1396.5076169233223","1396.5076169233223","1396.5076169233223","4383.283891032474","4383.283891032474","4383.283891032474","5109.256323809868","5109.256323809868","5109.256323809868","","","","","","","","","","","","","","","","","","","","",""
"735000","2476.908207651796","2476.908207651796","2476.908207651796","3240.6955992112594","3240.6955992112594","3240.6955992112594","1622.696040638851","1622.696040638851","1622.696040638851","","","","","","","","","","","","","","","","","","","","",""
"740000","3528.44268706134","3528.44268706134","3528.44268706134","1881.9139541213008","1881.9139541213008","1881.9139541213008","2593.4725935513306","2593.4725935513306","2593.4725935513306","","","","","","","","","","","","","","","","","","","","",""
"745000","2673.8365590569633","2673.8365590569633","2673.8365590569633","1480.654262292291","1480.654262292291","1480.654262292291","1854.8364519890638","1854.8364519890638","1854.8364519890638","","","","","","","","","","","","","","","","","","","","",""
"750000","1481.9331080639024","1481.9331080639024","1481.9331080639024","2502.2254463451854","2502.2254463451854","2502.2254463451854","1984.421589460225","1984.421589460225","1984.421589460225","","","","","","","","","","","","","","","","","","","","",""
"755000","2318.0543754261626","2318.0543754261626","2318.0543754261626","2513.8325939721162","2513.8325939721162","2513.8325939721162","2150.7443151063144","2150.7443151063144","2150.7443151063144","","","","","","","","","","","","","","","","","","","","",""
"760000","2223.980183898931","2223.980183898931","2223.980183898931","2082.0910353404606","2082.0910353404606","2082.0910353404606","1195.9653146816302","1195.9653146816302","1195.9653146816302","","","","","","","","","","","","","","","","","","","","",""
"765000","1967.119256073942","1967.119256073942","1967.119256073942","3172.928839007549","3172.928839007549","3172.928839007549","2431.0460664368184","2431.0460664368184","2431.0460664368184","","","","","","","","","","","","","","","","","","","","",""