"Step","2025-05-22_13-53-36_Humanoid-medium-v3_ppo_shortcut_mlp_ta4_td4_d4rl_seed0 - eval/avg episode reward","2025-05-22_13-53-36_Humanoid-medium-v3_ppo_shortcut_mlp_ta4_td4_d4rl_seed0 - eval/avg episode reward__MIN","2025-05-22_13-53-36_Humanoid-medium-v3_ppo_shortcut_mlp_ta4_td4_d4rl_seed0 - eval/avg episode reward__MAX","2025-05-22_13-53-37_Humanoid-medium-v3_ppo_shortcut_mlp_ta4_td4_d4rl_seed42 - eval/avg episode reward","2025-05-22_13-53-37_Humanoid-medium-v3_ppo_shortcut_mlp_ta4_td4_d4rl_seed42 - eval/avg episode reward__MIN","2025-05-22_13-53-37_Humanoid-medium-v3_ppo_shortcut_mlp_ta4_td4_d4rl_seed42 - eval/avg episode reward__MAX","2025-05-22_13-53-36_Humanoid-medium-v3_ppo_shortcut_mlp_ta4_td4_d4rl_seed3407 - eval/avg episode reward","2025-05-22_13-53-36_Humanoid-medium-v3_ppo_shortcut_mlp_ta4_td4_d4rl_seed3407 - eval/avg episode reward__MIN","2025-05-22_13-53-36_Humanoid-medium-v3_ppo_shortcut_mlp_ta4_td4_d4rl_seed3407 - eval/avg episode reward__MAX","2025-05-22_05-20-23_Humanoid-medium-v3_ppo_reflow_mlp_ta4_td4_d4rl_seed3407 - eval/avg episode reward","2025-05-22_05-20-23_Humanoid-medium-v3_ppo_reflow_mlp_ta4_td4_d4rl_seed3407 - eval/avg episode reward__MIN","2025-05-22_05-20-23_Humanoid-medium-v3_ppo_reflow_mlp_ta4_td4_d4rl_seed3407 - eval/avg episode reward__MAX","2025-05-22_05-20-23_Humanoid-medium-v3_ppo_reflow_mlp_ta4_td4_d4rl_seed0 - eval/avg episode reward","2025-05-22_05-20-23_Humanoid-medium-v3_ppo_reflow_mlp_ta4_td4_d4rl_seed0 - eval/avg episode reward__MIN","2025-05-22_05-20-23_Humanoid-medium-v3_ppo_reflow_mlp_ta4_td4_d4rl_seed0 - eval/avg episode reward__MAX","2025-05-22_05-20-23_Humanoid-medium-v3_ppo_reflow_mlp_ta4_td4_d4rl_seed42 - eval/avg episode reward","2025-05-22_05-20-23_Humanoid-medium-v3_ppo_reflow_mlp_ta4_td4_d4rl_seed42 - eval/avg episode reward__MIN","2025-05-22_05-20-23_Humanoid-medium-v3_ppo_reflow_mlp_ta4_td4_d4rl_seed42 - eval/avg episode reward__MAX","2025-05-22_05-16-38_Humanoid-medium-v3_ppo_diffusion_mlp_ta4_td20_d4rl_seed3407 - eval/avg episode reward","2025-05-22_05-16-38_Humanoid-medium-v3_ppo_diffusion_mlp_ta4_td20_d4rl_seed3407 - eval/avg episode reward__MIN","2025-05-22_05-16-38_Humanoid-medium-v3_ppo_diffusion_mlp_ta4_td20_d4rl_seed3407 - eval/avg episode reward__MAX","2025-05-22_05-16-26_Humanoid-medium-v3_ppo_diffusion_mlp_ta4_td20_d4rl_seed0 - eval/avg episode reward","2025-05-22_05-16-26_Humanoid-medium-v3_ppo_diffusion_mlp_ta4_td20_d4rl_seed0 - eval/avg episode reward__MIN","2025-05-22_05-16-26_Humanoid-medium-v3_ppo_diffusion_mlp_ta4_td20_d4rl_seed0 - eval/avg episode reward__MAX","2025-05-22_05-16-09_Humanoid-medium-v3_ppo_diffusion_mlp_ta4_td20_d4rl_seed42 - eval/avg episode reward","2025-05-22_05-16-09_Humanoid-medium-v3_ppo_diffusion_mlp_ta4_td20_d4rl_seed42 - eval/avg episode reward__MIN","2025-05-22_05-16-09_Humanoid-medium-v3_ppo_diffusion_mlp_ta4_td20_d4rl_seed42 - eval/avg episode reward__MAX","2025-05-10_20-54-05_Humanoid-medium-v3_fql_mlp_ta4_seed42 - avg episode reward - eval","2025-05-10_20-54-05_Humanoid-medium-v3_fql_mlp_ta4_seed42 - avg episode reward - eval__MIN","2025-05-10_20-54-05_Humanoid-medium-v3_fql_mlp_ta4_seed42 - avg episode reward - eval__MAX","2025-05-10_20-54-05_Humanoid-medium-v3_fql_mlp_ta4_seed3407 - avg episode reward - eval","2025-05-10_20-54-05_Humanoid-medium-v3_fql_mlp_ta4_seed3407 - avg episode reward - eval__MIN","2025-05-10_20-54-05_Humanoid-medium-v3_fql_mlp_ta4_seed3407 - avg episode reward - eval__MAX","2025-05-10_20-54-05_Humanoid-medium-v3_fql_mlp_ta4_seed0 - avg episode reward - eval","2025-05-10_20-54-05_Humanoid-medium-v3_fql_mlp_ta4_seed0 - avg episode reward - eval__MIN","2025-05-10_20-54-05_Humanoid-medium-v3_fql_mlp_ta4_seed0 - avg episode reward - eval__MAX"
"0","2011.4480170731042","2011.4480170731042","2011.4480170731042","2263.1725211697294","2263.1725211697294","2263.1725211697294","2091.4744507474034","2091.4744507474034","2091.4744507474034","1893.4571204197855","1893.4571204197855","1893.4571204197855","1984.9765268164201","1984.9765268164201","1984.9765268164201","1900.993360785742","1900.993360785742","1900.993360785742","1998.2584591230745","1998.2584591230745","1998.2584591230745","2085.3441422666483","2085.3441422666483","2085.3441422666483","2066.819779293831","2066.819779293831","2066.819779293831","176.91806362286107","176.91806362286107","176.91806362286107","147.8617009534802","147.8617009534802","147.8617009534802","234.55195897818962","234.55195897818962","234.55195897818962"
"10","2361.865350161619","2361.865350161619","2361.865350161619","1538.6224217243866","1538.6224217243866","1538.6224217243866","1578.2677719784251","1578.2677719784251","1578.2677719784251","1940.9917997356968","1940.9917997356968","1940.9917997356968","2226.113175531398","2226.113175531398","2226.113175531398","3002.62413503499","3002.62413503499","3002.62413503499","3023.968465971547","3023.968465971547","3023.968465971547","2591.740466118857","2591.740466118857","2591.740466118857","2650.4445730011653","2650.4445730011653","2650.4445730011653","","","","","","","","",""
"20","3162.7755595243048","3162.7755595243048","3162.7755595243048","2246.29151094667","2246.29151094667","2246.29151094667","2302.960846697291","2302.960846697291","2302.960846697291","3062.933709933265","3062.933709933265","3062.933709933265","3297.99351209989","3297.99351209989","3297.99351209989","3745.830789667588","3745.830789667588","3745.830789667588","3922.320182034559","3922.320182034559","3922.320182034559","3766.2045592056083","3766.2045592056083","3766.2045592056083","4027.8342070216218","4027.8342070216218","4027.8342070216218","","","","","","","","",""
"30","3754.920818097993","3754.920818097993","3754.920818097993","3346.9639507137194","3346.9639507137194","3346.9639507137194","3258.2983952337736","3258.2983952337736","3258.2983952337736","3674.230515295304","3674.230515295304","3674.230515295304","3799.09763173025","3799.09763173025","3799.09763173025","3979.471604857224","3979.471604857224","3979.471604857224","4476.204333647707","4476.204333647707","4476.204333647707","4378.736692586119","4378.736692586119","4378.736692586119","4347.520676860776","4347.520676860776","4347.520676860776","","","","","","","","",""
"40","3924.7632796405114","3924.7632796405114","3924.7632796405114","3652.271919441823","3652.271919441823","3652.271919441823","3683.383442206734","3683.383442206734","3683.383442206734","4214.047155783177","4214.047155783177","4214.047155783177","4120.200557406503","4120.200557406503","4120.200557406503","4704.9535773345315","4704.9535773345315","4704.9535773345315","4942.7383461645195","4942.7383461645195","4942.7383461645195","4386.676116624782","4386.676116624782","4386.676116624782","4603.750068360144","4603.750068360144","4603.750068360144","","","","","","","","",""
"50","4630.583152801203","4630.583152801203","4630.583152801203","4456.388022728879","4456.388022728879","4456.388022728879","4396.014238604107","4396.014238604107","4396.014238604107","4807.401906456319","4807.401906456319","4807.401906456319","4634.509766309064","4634.509766309064","4634.509766309064","4792.951249780539","4792.951249780539","4792.951249780539","4831.957839349669","4831.957839349669","4831.957839349669","4711.598674616811","4711.598674616811","4711.598674616811","4852.114371230204","4852.114371230204","4852.114371230204","","","","","","","","",""
"60","4263.146165286734","4263.146165286734","4263.146165286734","4521.104994665072","4521.104994665072","4521.104994665072","4408.770346704559","4408.770346704559","4408.770346704559","4660.827929512688","4660.827929512688","4660.827929512688","4748.28756381708","4748.28756381708","4748.28756381708","4589.084400579198","4589.084400579198","4589.084400579198","5012.283658116593","5012.283658116593","5012.283658116593","4807.060605371907","4807.060605371907","4807.060605371907","4830.676467621057","4830.676467621057","4830.676467621057","","","","","","","","",""
"70","4483.386655535294","4483.386655535294","4483.386655535294","4939.172041972761","4939.172041972761","4939.172041972761","4627.590314158285","4627.590314158285","4627.590314158285","5031.98943749682","5031.98943749682","5031.98943749682","4945.536865439968","4945.536865439968","4945.536865439968","4925.537176029984","4925.537176029984","4925.537176029984","4781.690481298229","4781.690481298229","4781.690481298229","4769.110198591755","4769.110198591755","4769.110198591755","4566.6142962645345","4566.6142962645345","4566.6142962645345","","","","","","","","",""
"80","4533.950165378934","4533.950165378934","4533.950165378934","4911.724601886609","4911.724601886609","4911.724601886609","4146.727353347882","4146.727353347882","4146.727353347882","4940.120775604026","4940.120775604026","4940.120775604026","4847.266825350497","4847.266825350497","4847.266825350497","5007.627879086494","5007.627879086494","5007.627879086494","4918.312323429879","4918.312323429879","4918.312323429879","4888.65320128805","4888.65320128805","4888.65320128805","5034.981655308681","5034.981655308681","5034.981655308681","","","","","","","","",""
"90","4735.585314049575","4735.585314049575","4735.585314049575","4657.493243062176","4657.493243062176","4657.493243062176","4249.69036685201","4249.69036685201","4249.69036685201","5097.100854646182","5097.100854646182","5097.100854646182","4954.497756386266","4954.497756386266","4954.497756386266","4951.217820889203","4951.217820889203","4951.217820889203","5033.238782377023","5033.238782377023","5033.238782377023","5032.794417851951","5032.794417851951","5032.794417851951","4968.38630358702","4968.38630358702","4968.38630358702","","","","","","","","",""
"100","4922.595834334601","4922.595834334601","4922.595834334601","4709.00522753087","4709.00522753087","4709.00522753087","4318.099189955506","4318.099189955506","4318.099189955506","5063.914985113638","5063.914985113638","5063.914985113638","4810.075319370182","4810.075319370182","4810.075319370182","4900.972730275248","4900.972730275248","4900.972730275248","4930.447972415039","4930.447972415039","4930.447972415039","5038.637402479022","5038.637402479022","5038.637402479022","4972.8032439347835","4972.8032439347835","4972.8032439347835","","","","","","","","",""
"110","4865.217968268881","4865.217968268881","4865.217968268881","4709.206291291721","4709.206291291721","4709.206291291721","4292.341472049832","4292.341472049832","4292.341472049832","5147.195097918746","5147.195097918746","5147.195097918746","5056.290119876305","5056.290119876305","5056.290119876305","4797.531569043234","4797.531569043234","4797.531569043234","4962.515756807988","4962.515756807988","4962.515756807988","4832.40243984558","4832.40243984558","4832.40243984558","5118.909771788906","5118.909771788906","5118.909771788906","","","","","","","","",""
"120","4977.389282327769","4977.389282327769","4977.389282327769","4799.967958538053","4799.967958538053","4799.967958538053","4351.915561021424","4351.915561021424","4351.915561021424","5001.865009436244","5001.865009436244","5001.865009436244","4981.231198564712","4981.231198564712","4981.231198564712","5164.267224416614","5164.267224416614","5164.267224416614","4936.2954527118245","4936.2954527118245","4936.2954527118245","4889.3362777875045","4889.3362777875045","4889.3362777875045","5073.272057907388","5073.272057907388","5073.272057907388","","","","","","","","",""
"130","5208.833770175718","5208.833770175718","5208.833770175718","4823.063556890471","4823.063556890471","4823.063556890471","4528.247489119375","4528.247489119375","4528.247489119375","5037.9008889906645","5037.9008889906645","5037.9008889906645","4981.892044382233","4981.892044382233","4981.892044382233","5115.714053685383","5115.714053685383","5115.714053685383","5122.833674431256","5122.833674431256","5122.833674431256","5125.871068022025","5125.871068022025","5125.871068022025","5045.966707307272","5045.966707307272","5045.966707307272","","","","","","","","",""
"140","4934.15939435237","4934.15939435237","4934.15939435237","4771.620143504589","4771.620143504589","4771.620143504589","4685.464584413152","4685.464584413152","4685.464584413152","4995.621436286879","4995.621436286879","4995.621436286879","5131.305431792885","5131.305431792885","5131.305431792885","4882.0484300787875","4882.0484300787875","4882.0484300787875","4864.004598586729","4864.004598586729","4864.004598586729","5017.001781126824","5017.001781126824","5017.001781126824","4975.198683912995","4975.198683912995","4975.198683912995","","","","","","","","",""
"150","5055.972172015742","5055.972172015742","5055.972172015742","4976.083580307885","4976.083580307885","4976.083580307885","4644.814275052266","4644.814275052266","4644.814275052266","5024.414434086635","5024.414434086635","5024.414434086635","5030.797627905375","5030.797627905375","5030.797627905375","5120.581761484883","5120.581761484883","5120.581761484883","4963.948523538316","4963.948523538316","4963.948523538316","5089.009216446646","5089.009216446646","5089.009216446646","4836.669865249953","4836.669865249953","4836.669865249953","","","","","","","","",""
"160","4875.764043722026","4875.764043722026","4875.764043722026","4866.427524847292","4866.427524847292","4866.427524847292","5027.116029800821","5027.116029800821","5027.116029800821","5072.697532952122","5072.697532952122","5072.697532952122","5072.415181579594","5072.415181579594","5072.415181579594","5071.258742031147","5071.258742031147","5071.258742031147","4928.357628401662","4928.357628401662","4928.357628401662","5099.897213817089","5099.897213817089","5099.897213817089","4864.632549128228","4864.632549128228","4864.632549128228","","","","","","","","",""
"170","4997.954212755881","4997.954212755881","4997.954212755881","4873.616573977904","4873.616573977904","4873.616573977904","5056.257806391472","5056.257806391472","5056.257806391472","5060.87132880456","5060.87132880456","5060.87132880456","5093.010283717814","5093.010283717814","5093.010283717814","5139.556867637408","5139.556867637408","5139.556867637408","5086.721356152598","5086.721356152598","5086.721356152598","4901.964424526261","4901.964424526261","4901.964424526261","5182.378756556214","5182.378756556214","5182.378756556214","","","","","","","","",""
"180","5027.902434864376","5027.902434864376","5027.902434864376","4811.989339354172","4811.989339354172","4811.989339354172","4668.140534591281","4668.140534591281","4668.140534591281","5040.179073255578","5040.179073255578","5040.179073255578","5113.15900800536","5113.15900800536","5113.15900800536","5081.527591137284","5081.527591137284","5081.527591137284","4929.14042846382","4929.14042846382","4929.14042846382","5088.493478328641","5088.493478328641","5088.493478328641","5198.23744407523","5198.23744407523","5198.23744407523","","","","","","","","",""
"190","4684.4163454224245","4684.4163454224245","4684.4163454224245","4847.061032827445","4847.061032827445","4847.061032827445","4714.176528423597","4714.176528423597","4714.176528423597","5039.162581498272","5039.162581498272","5039.162581498272","5061.711492456352","5061.711492456352","5061.711492456352","5127.493941286987","5127.493941286987","5127.493941286987","5018.017263381227","5018.017263381227","5018.017263381227","5008.246414955189","5008.246414955189","5008.246414955189","4931.556860473264","4931.556860473264","4931.556860473264","","","","","","","","",""
"5000","","","","","","","","","","","","","","","","","","","","","","","","","","","","447.6628446829234","447.6628446829234","447.6628446829234","528.0702367561765","528.0702367561765","528.0702367561765","467.0600977419452","467.0600977419452","467.0600977419452"
"10000","","","","","","","","","","","","","","","","","","","","","","","","","","","","582.0048908921793","582.0048908921793","582.0048908921793","556.0198988143775","556.0198988143775","556.0198988143775","413.4566337475523","413.4566337475523","413.4566337475523"
"15000","","","","","","","","","","","","","","","","","","","","","","","","","","","","531.520103317796","531.520103317796","531.520103317796","652.2179213738654","652.2179213738654","652.2179213738654","614.2509339025332","614.2509339025332","614.2509339025332"
"20000","","","","","","","","","","","","","","","","","","","","","","","","","","","","625.8416073395967","625.8416073395967","625.8416073395967","690.916551399714","690.916551399714","690.916551399714","642.7789882484028","642.7789882484028","642.7789882484028"
"25000","","","","","","","","","","","","","","","","","","","","","","","","","","","","661.6852888795613","661.6852888795613","661.6852888795613","832.300660444107","832.300660444107","832.300660444107","777.313888802581","777.313888802581","777.313888802581"
"30000","","","","","","","","","","","","","","","","","","","","","","","","","","","","675.2266868895282","675.2266868895282","675.2266868895282","811.281054772835","811.281054772835","811.281054772835","934.0843611025211","934.0843611025211","934.0843611025211"
"35000","","","","","","","","","","","","","","","","","","","","","","","","","","","","966.1050444210532","966.1050444210532","966.1050444210532","776.2393548378349","776.2393548378349","776.2393548378349","854.6962300696381","854.6962300696381","854.6962300696381"
"40000","","","","","","","","","","","","","","","","","","","","","","","","","","","","974.0091311267337","974.0091311267337","974.0091311267337","874.1262748666342","874.1262748666342","874.1262748666342","724.2649095100936","724.2649095100936","724.2649095100936"
"45000","","","","","","","","","","","","","","","","","","","","","","","","","","","","1109.8829775872136","1109.8829775872136","1109.8829775872136","988.4585384887725","988.4585384887725","988.4585384887725","904.6896242153159","904.6896242153159","904.6896242153159"
"50000","","","","","","","","","","","","","","","","","","","","","","","","","","","","1170.7429251770486","1170.7429251770486","1170.7429251770486","1214.212664813002","1214.212664813002","1214.212664813002","1106.4697051501412","1106.4697051501412","1106.4697051501412"
"55000","","","","","","","","","","","","","","","","","","","","","","","","","","","","1200.7138546397377","1200.7138546397377","1200.7138546397377","836.5061870958834","836.5061870958834","836.5061870958834","1330.8010190960854","1330.8010190960854","1330.8010190960854"
"60000","","","","","","","","","","","","","","","","","","","","","","","","","","","","825.594836850553","825.594836850553","825.594836850553","922.2201963718411","922.2201963718411","922.2201963718411","803.7060773854593","803.7060773854593","803.7060773854593"
"65000","","","","","","","","","","","","","","","","","","","","","","","","","","","","999.9192384884952","999.9192384884952","999.9192384884952","960.8049988408214","960.8049988408214","960.8049988408214","890.2504590997772","890.2504590997772","890.2504590997772"
"70000","","","","","","","","","","","","","","","","","","","","","","","","","","","","1200.481793969103","1200.481793969103","1200.481793969103","1085.7376745671327","1085.7376745671327","1085.7376745671327","1216.0808584376814","1216.0808584376814","1216.0808584376814"
"75000","","","","","","","","","","","","","","","","","","","","","","","","","","","","1137.2171503783254","1137.2171503783254","1137.2171503783254","1066.3379446740519","1066.3379446740519","1066.3379446740519","1998.762272110255","1998.762272110255","1998.762272110255"
"80000","","","","","","","","","","","","","","","","","","","","","","","","","","","","972.1772759825096","972.1772759825096","972.1772759825096","1442.3757494530876","1442.3757494530876","1442.3757494530876","1596.686931333352","1596.686931333352","1596.686931333352"
"85000","","","","","","","","","","","","","","","","","","","","","","","","","","","","897.0520681158778","897.0520681158778","897.0520681158778","1403.400044941869","1403.400044941869","1403.400044941869","888.9332048511897","888.9332048511897","888.9332048511897"
"90000","","","","","","","","","","","","","","","","","","","","","","","","","","","","1084.9305492551473","1084.9305492551473","1084.9305492551473","1417.6091193842549","1417.6091193842549","1417.6091193842549","1309.0305199550749","1309.0305199550749","1309.0305199550749"
"95000","","","","","","","","","","","","","","","","","","","","","","","","","","","","1439.4204794832847","1439.4204794832847","1439.4204794832847","1251.0503736642108","1251.0503736642108","1251.0503736642108","1531.7347398666177","1531.7347398666177","1531.7347398666177"
"100000","","","","","","","","","","","","","","","","","","","","","","","","","","","","1065.6597701458488","1065.6597701458488","1065.6597701458488","1421.197580935643","1421.197580935643","1421.197580935643","1006.909160674717","1006.909160674717","1006.909160674717"
"105000","","","","","","","","","","","","","","","","","","","","","","","","","","","","1145.7106003415074","1145.7106003415074","1145.7106003415074","1007.191736358129","1007.191736358129","1007.191736358129","1298.4477158670197","1298.4477158670197","1298.4477158670197"
"110000","","","","","","","","","","","","","","","","","","","","","","","","","","","","1509.7251537727843","1509.7251537727843","1509.7251537727843","963.4666731801871","963.4666731801871","963.4666731801871","996.8541524162623","996.8541524162623","996.8541524162623"
"115000","","","","","","","","","","","","","","","","","","","","","","","","","","","","1555.004232668826","1555.004232668826","1555.004232668826","1076.6531191397235","1076.6531191397235","1076.6531191397235","1002.1442316926601","1002.1442316926601","1002.1442316926601"
"120000","","","","","","","","","","","","","","","","","","","","","","","","","","","","756.2691641264165","756.2691641264165","756.2691641264165","1258.180691486344","1258.180691486344","1258.180691486344","1163.2829879634678","1163.2829879634678","1163.2829879634678"
"125000","","","","","","","","","","","","","","","","","","","","","","","","","","","","1161.0503841288246","1161.0503841288246","1161.0503841288246","1574.7041303257602","1574.7041303257602","1574.7041303257602","1025.7555156194899","1025.7555156194899","1025.7555156194899"
"130000","","","","","","","","","","","","","","","","","","","","","","","","","","","","924.0985808539875","924.0985808539875","924.0985808539875","907.9342604853923","907.9342604853923","907.9342604853923","1824.2566420785017","1824.2566420785017","1824.2566420785017"
"135000","","","","","","","","","","","","","","","","","","","","","","","","","","","","1835.9756718820722","1835.9756718820722","1835.9756718820722","1681.679530985239","1681.679530985239","1681.679530985239","1397.0945264742313","1397.0945264742313","1397.0945264742313"
"140000","","","","","","","","","","","","","","","","","","","","","","","","","","","","1469.805533132761","1469.805533132761","1469.805533132761","1400.2503978459715","1400.2503978459715","1400.2503978459715","1425.8768776811207","1425.8768776811207","1425.8768776811207"
"145000","","","","","","","","","","","","","","","","","","","","","","","","","","","","792.181462535726","792.181462535726","792.181462535726","1302.4769735671287","1302.4769735671287","1302.4769735671287","1249.8318226663996","1249.8318226663996","1249.8318226663996"
"150000","","","","","","","","","","","","","","","","","","","","","","","","","","","","1240.4439848088762","1240.4439848088762","1240.4439848088762","1305.2107162632904","1305.2107162632904","1305.2107162632904","1698.2094800410014","1698.2094800410014","1698.2094800410014"
"155000","","","","","","","","","","","","","","","","","","","","","","","","","","","","1527.4000139951256","1527.4000139951256","1527.4000139951256","1407.3911194596178","1407.3911194596178","1407.3911194596178","1299.7588127345152","1299.7588127345152","1299.7588127345152"
"160000","","","","","","","","","","","","","","","","","","","","","","","","","","","","1570.057780135834","1570.057780135834","1570.057780135834","1208.8666351732973","1208.8666351732973","1208.8666351732973","966.912522776691","966.912522776691","966.912522776691"
"165000","","","","","","","","","","","","","","","","","","","","","","","","","","","","1209.7736523101596","1209.7736523101596","1209.7736523101596","1216.6020588903737","1216.6020588903737","1216.6020588903737","1614.7262668535905","1614.7262668535905","1614.7262668535905"
"170000","","","","","","","","","","","","","","","","","","","","","","","","","","","","1227.4180534688346","1227.4180534688346","1227.4180534688346","1398.331740606914","1398.331740606914","1398.331740606914","1610.0029801564765","1610.0029801564765","1610.0029801564765"
"175000","","","","","","","","","","","","","","","","","","","","","","","","","","","","1093.1263445952673","1093.1263445952673","1093.1263445952673","1430.5561069741973","1430.5561069741973","1430.5561069741973","1282.8362125119606","1282.8362125119606","1282.8362125119606"
"180000","","","","","","","","","","","","","","","","","","","","","","","","","","","","882.3520327032509","882.3520327032509","882.3520327032509","1717.0503304665647","1717.0503304665647","1717.0503304665647","1133.6056780975478","1133.6056780975478","1133.6056780975478"
"185000","","","","","","","","","","","","","","","","","","","","","","","","","","","","1411.251881834026","1411.251881834026","1411.251881834026","1440.4083044764986","1440.4083044764986","1440.4083044764986","1311.7201556779055","1311.7201556779055","1311.7201556779055"
"190000","","","","","","","","","","","","","","","","","","","","","","","","","","","","1559.6527167300917","1559.6527167300917","1559.6527167300917","1267.9017931560682","1267.9017931560682","1267.9017931560682","1301.401428467763","1301.401428467763","1301.401428467763"
"195000","","","","","","","","","","","","","","","","","","","","","","","","","","","","1062.8964101488473","1062.8964101488473","1062.8964101488473","1282.0653905850163","1282.0653905850163","1282.0653905850163","1560.7175911140175","1560.7175911140175","1560.7175911140175"
"200000","","","","","","","","","","","","","","","","","","","","","","","","","","","","1362.144999447411","1362.144999447411","1362.144999447411","1708.5335207992255","1708.5335207992255","1708.5335207992255","1962.9434610697972","1962.9434610697972","1962.9434610697972"
"205000","","","","","","","","","","","","","","","","","","","","","","","","","","","","760.7585581187822","760.7585581187822","760.7585581187822","768.8636001955824","768.8636001955824","768.8636001955824","829.5654020802941","829.5654020802941","829.5654020802941"
"210000","","","","","","","","","","","","","","","","","","","","","","","","","","","","828.8086488429217","828.8086488429217","828.8086488429217","664.1436744169985","664.1436744169985","664.1436744169985","781.6615442572784","781.6615442572784","781.6615442572784"
"215000","","","","","","","","","","","","","","","","","","","","","","","","","","","","1094.1480601499752","1094.1480601499752","1094.1480601499752","769.8262572602817","769.8262572602817","769.8262572602817","838.2774113773958","838.2774113773958","838.2774113773958"
"220000","","","","","","","","","","","","","","","","","","","","","","","","","","","","1201.9379076129346","1201.9379076129346","1201.9379076129346","911.03385612106","911.03385612106","911.03385612106","803.0079648481865","803.0079648481865","803.0079648481865"
"225000","","","","","","","","","","","","","","","","","","","","","","","","","","","","853.8848382992445","853.8848382992445","853.8848382992445","841.4435830310257","841.4435830310257","841.4435830310257","1134.9849734105162","1134.9849734105162","1134.9849734105162"
"230000","","","","","","","","","","","","","","","","","","","","","","","","","","","","1114.0127108873328","1114.0127108873328","1114.0127108873328","651.3557995210081","651.3557995210081","651.3557995210081","839.1167649650484","839.1167649650484","839.1167649650484"
"235000","","","","","","","","","","","","","","","","","","","","","","","","","","","","1143.2654307747716","1143.2654307747716","1143.2654307747716","957.9731217153399","957.9731217153399","957.9731217153399","736.060297614416","736.060297614416","736.060297614416"
"240000","","","","","","","","","","","","","","","","","","","","","","","","","","","","1205.3536067313598","1205.3536067313598","1205.3536067313598","626.6625877205178","626.6625877205178","626.6625877205178","877.1895431127076","877.1895431127076","877.1895431127076"
"245000","","","","","","","","","","","","","","","","","","","","","","","","","","","","943.1525353585394","943.1525353585394","943.1525353585394","817.5392765580356","817.5392765580356","817.5392765580356","1124.38698483666","1124.38698483666","1124.38698483666"
"250000","","","","","","","","","","","","","","","","","","","","","","","","","","","","1383.9939881291027","1383.9939881291027","1383.9939881291027","858.6159699145654","858.6159699145654","858.6159699145654","981.3776107061417","981.3776107061417","981.3776107061417"
"255000","","","","","","","","","","","","","","","","","","","","","","","","","","","","1074.241293500293","1074.241293500293","1074.241293500293","1161.8533531980215","1161.8533531980215","1161.8533531980215","1178.7045340875247","1178.7045340875247","1178.7045340875247"
"260000","","","","","","","","","","","","","","","","","","","","","","","","","","","","1141.2155535409338","1141.2155535409338","1141.2155535409338","1089.7273445962276","1089.7273445962276","1089.7273445962276","1142.2135177091695","1142.2135177091695","1142.2135177091695"
"265000","","","","","","","","","","","","","","","","","","","","","","","","","","","","981.4013855630026","981.4013855630026","981.4013855630026","876.5878910660061","876.5878910660061","876.5878910660061","1144.1357237440752","1144.1357237440752","1144.1357237440752"
"270000","","","","","","","","","","","","","","","","","","","","","","","","","","","","1078.2014333722386","1078.2014333722386","1078.2014333722386","1242.1866144803807","1242.1866144803807","1242.1866144803807","1107.2981630867919","1107.2981630867919","1107.2981630867919"
"275000","","","","","","","","","","","","","","","","","","","","","","","","","","","","1131.556928431731","1131.556928431731","1131.556928431731","783.5433107174293","783.5433107174293","783.5433107174293","1727.9203335509194","1727.9203335509194","1727.9203335509194"
"280000","","","","","","","","","","","","","","","","","","","","","","","","","","","","1261.6389437449318","1261.6389437449318","1261.6389437449318","849.0078473328853","849.0078473328853","849.0078473328853","1189.505647887814","1189.505647887814","1189.505647887814"
"285000","","","","","","","","","","","","","","","","","","","","","","","","","","","","1033.6469633558254","1033.6469633558254","1033.6469633558254","1110.949515042736","1110.949515042736","1110.949515042736","1230.742859178212","1230.742859178212","1230.742859178212"
"290000","","","","","","","","","","","","","","","","","","","","","","","","","","","","1357.495210373363","1357.495210373363","1357.495210373363","1227.976117280836","1227.976117280836","1227.976117280836","1077.6873464633713","1077.6873464633713","1077.6873464633713"
"295000","","","","","","","","","","","","","","","","","","","","","","","","","","","","1389.320594647317","1389.320594647317","1389.320594647317","1100.4134989461854","1100.4134989461854","1100.4134989461854","979.2669146359164","979.2669146359164","979.2669146359164"
"300000","","","","","","","","","","","","","","","","","","","","","","","","","","","","1304.9330102286194","1304.9330102286194","1304.9330102286194","941.6836723265463","941.6836723265463","941.6836723265463","935.9540015374321","935.9540015374321","935.9540015374321"
"305000","","","","","","","","","","","","","","","","","","","","","","","","","","","","1563.8170680375295","1563.8170680375295","1563.8170680375295","803.0266549717672","803.0266549717672","803.0266549717672","1190.5655271255964","1190.5655271255964","1190.5655271255964"
"310000","","","","","","","","","","","","","","","","","","","","","","","","","","","","1020.7956098415826","1020.7956098415826","1020.7956098415826","1199.0007415726764","1199.0007415726764","1199.0007415726764","1234.869441108021","1234.869441108021","1234.869441108021"
"315000","","","","","","","","","","","","","","","","","","","","","","","","","","","","1751.5682090831926","1751.5682090831926","1751.5682090831926","942.4286218068039","942.4286218068039","942.4286218068039","1104.748823478801","1104.748823478801","1104.748823478801"
"320000","","","","","","","","","","","","","","","","","","","","","","","","","","","","1280.917525867744","1280.917525867744","1280.917525867744","991.9059462302296","991.9059462302296","991.9059462302296","2100.518918116201","2100.518918116201","2100.518918116201"
"325000","","","","","","","","","","","","","","","","","","","","","","","","","","","","1752.0904258845308","1752.0904258845308","1752.0904258845308","1212.1217412528017","1212.1217412528017","1212.1217412528017","994.2133037148527","994.2133037148527","994.2133037148527"
"330000","","","","","","","","","","","","","","","","","","","","","","","","","","","","1332.434023244652","1332.434023244652","1332.434023244652","1213.5473179626606","1213.5473179626606","1213.5473179626606","2485.7626470177584","2485.7626470177584","2485.7626470177584"
"335000","","","","","","","","","","","","","","","","","","","","","","","","","","","","1302.0473578970277","1302.0473578970277","1302.0473578970277","1267.2224621098019","1267.2224621098019","1267.2224621098019","1068.0128304831737","1068.0128304831737","1068.0128304831737"
"340000","","","","","","","","","","","","","","","","","","","","","","","","","","","","1406.5268333202328","1406.5268333202328","1406.5268333202328","1332.7637484252189","1332.7637484252189","1332.7637484252189","1351.9589233892111","1351.9589233892111","1351.9589233892111"
"345000","","","","","","","","","","","","","","","","","","","","","","","","","","","","1779.9191372514658","1779.9191372514658","1779.9191372514658","1116.3087900528542","1116.3087900528542","1116.3087900528542","1645.6533002082076","1645.6533002082076","1645.6533002082076"
"350000","","","","","","","","","","","","","","","","","","","","","","","","","","","","997.8482763527039","997.8482763527039","997.8482763527039","1361.3793625398268","1361.3793625398268","1361.3793625398268","1304.971227417737","1304.971227417737","1304.971227417737"
"355000","","","","","","","","","","","","","","","","","","","","","","","","","","","","1176.3346521686285","1176.3346521686285","1176.3346521686285","1103.1214127865783","1103.1214127865783","1103.1214127865783","1228.2381042314862","1228.2381042314862","1228.2381042314862"
"360000","","","","","","","","","","","","","","","","","","","","","","","","","","","","1705.7539498316592","1705.7539498316592","1705.7539498316592","921.9450525791157","921.9450525791157","921.9450525791157","1277.8032156052273","1277.8032156052273","1277.8032156052273"
"365000","","","","","","","","","","","","","","","","","","","","","","","","","","","","2387.252739314009","2387.252739314009","2387.252739314009","1135.3559853553347","1135.3559853553347","1135.3559853553347","1671.6789617564705","1671.6789617564705","1671.6789617564705"
"370000","","","","","","","","","","","","","","","","","","","","","","","","","","","","1517.7257312276242","1517.7257312276242","1517.7257312276242","1773.7816027851572","1773.7816027851572","1773.7816027851572","2046.374564006097","2046.374564006097","2046.374564006097"
"375000","","","","","","","","","","","","","","","","","","","","","","","","","","","","1984.3535721253052","1984.3535721253052","1984.3535721253052","1574.3381012696518","1574.3381012696518","1574.3381012696518","2699.8156514785283","2699.8156514785283","2699.8156514785283"
"380000","","","","","","","","","","","","","","","","","","","","","","","","","","","","2243.4169467112497","2243.4169467112497","2243.4169467112497","946.3487766903482","946.3487766903482","946.3487766903482","1284.7175411958294","1284.7175411958294","1284.7175411958294"
"385000","","","","","","","","","","","","","","","","","","","","","","","","","","","","1093.1520357453178","1093.1520357453178","1093.1520357453178","1205.9532359738123","1205.9532359738123","1205.9532359738123","1456.3420047688276","1456.3420047688276","1456.3420047688276"
"390000","","","","","","","","","","","","","","","","","","","","","","","","","","","","1116.4237752070808","1116.4237752070808","1116.4237752070808","2569.791388717824","2569.791388717824","2569.791388717824","1219.2050377794642","1219.2050377794642","1219.2050377794642"
"395000","","","","","","","","","","","","","","","","","","","","","","","","","","","","1405.5086421138049","1405.5086421138049","1405.5086421138049","1349.7084538424917","1349.7084538424917","1349.7084538424917","1666.2873212340426","1666.2873212340426","1666.2873212340426"
"400000","","","","","","","","","","","","","","","","","","","","","","","","","","","","3228.2897558835252","3228.2897558835252","3228.2897558835252","1528.8643698269616","1528.8643698269616","1528.8643698269616","1058.0121242951595","1058.0121242951595","1058.0121242951595"
"405000","","","","","","","","","","","","","","","","","","","","","","","","","","","","1540.7181978213982","1540.7181978213982","1540.7181978213982","1037.4179758303192","1037.4179758303192","1037.4179758303192","1696.4803821914884","1696.4803821914884","1696.4803821914884"
"410000","","","","","","","","","","","","","","","","","","","","","","","","","","","","1271.317348507739","1271.317348507739","1271.317348507739","1725.9194983449402","1725.9194983449402","1725.9194983449402","1336.7752949804437","1336.7752949804437","1336.7752949804437"
"415000","","","","","","","","","","","","","","","","","","","","","","","","","","","","1665.2199192840362","1665.2199192840362","1665.2199192840362","1907.1868100685626","1907.1868100685626","1907.1868100685626","1068.6266725012276","1068.6266725012276","1068.6266725012276"
"420000","","","","","","","","","","","","","","","","","","","","","","","","","","","","1239.8983729433094","1239.8983729433094","1239.8983729433094","1369.2896280050325","1369.2896280050325","1369.2896280050325","1220.1829587330858","1220.1829587330858","1220.1829587330858"
"425000","","","","","","","","","","","","","","","","","","","","","","","","","","","","1623.8476955430172","1623.8476955430172","1623.8476955430172","1169.408159743215","1169.408159743215","1169.408159743215","2303.198194934823","2303.198194934823","2303.198194934823"
"430000","","","","","","","","","","","","","","","","","","","","","","","","","","","","1634.025497825709","1634.025497825709","1634.025497825709","1693.9721648416125","1693.9721648416125","1693.9721648416125","1126.284238905432","1126.284238905432","1126.284238905432"
"435000","","","","","","","","","","","","","","","","","","","","","","","","","","","","1978.4287410578006","1978.4287410578006","1978.4287410578006","1823.578656350332","1823.578656350332","1823.578656350332","944.4889818154013","944.4889818154013","944.4889818154013"
"440000","","","","","","","","","","","","","","","","","","","","","","","","","","","","1873.849785702529","1873.849785702529","1873.849785702529","2549.973520509412","2549.973520509412","2549.973520509412","2059.0950255283424","2059.0950255283424","2059.0950255283424"
"445000","","","","","","","","","","","","","","","","","","","","","","","","","","","","1792.636108621497","1792.636108621497","1792.636108621497","1165.073231349295","1165.073231349295","1165.073231349295","1361.8195545347364","1361.8195545347364","1361.8195545347364"
"450000","","","","","","","","","","","","","","","","","","","","","","","","","","","","1208.632801760264","1208.632801760264","1208.632801760264","1195.601535727324","1195.601535727324","1195.601535727324","1553.6405373657735","1553.6405373657735","1553.6405373657735"
"455000","","","","","","","","","","","","","","","","","","","","","","","","","","","","1312.2990678543754","1312.2990678543754","1312.2990678543754","1122.496942015016","1122.496942015016","1122.496942015016","1291.3959526370418","1291.3959526370418","1291.3959526370418"
"460000","","","","","","","","","","","","","","","","","","","","","","","","","","","","1640.345729247965","1640.345729247965","1640.345729247965","2317.7211019026236","2317.7211019026236","2317.7211019026236","1516.9055268900538","1516.9055268900538","1516.9055268900538"
"465000","","","","","","","","","","","","","","","","","","","","","","","","","","","","1405.9281126509695","1405.9281126509695","1405.9281126509695","1452.4037373682252","1452.4037373682252","1452.4037373682252","3608.378611751054","3608.378611751054","3608.378611751054"
"470000","","","","","","","","","","","","","","","","","","","","","","","","","","","","1949.012966870742","1949.012966870742","1949.012966870742","877.0273239011902","877.0273239011902","877.0273239011902","1686.6064526259186","1686.6064526259186","1686.6064526259186"
"475000","","","","","","","","","","","","","","","","","","","","","","","","","","","","1959.612274041033","1959.612274041033","1959.612274041033","1490.6065389353414","1490.6065389353414","1490.6065389353414","3013.1592408332717","3013.1592408332717","3013.1592408332717"
"480000","","","","","","","","","","","","","","","","","","","","","","","","","","","","2159.2950108782825","2159.2950108782825","2159.2950108782825","1934.0848149878154","1934.0848149878154","1934.0848149878154","1583.157036685271","1583.157036685271","1583.157036685271"
"485000","","","","","","","","","","","","","","","","","","","","","","","","","","","","2093.509215886703","2093.509215886703","2093.509215886703","1880.008732169256","1880.008732169256","1880.008732169256","1072.8020741084792","1072.8020741084792","1072.8020741084792"
"490000","","","","","","","","","","","","","","","","","","","","","","","","","","","","1695.705586432288","1695.705586432288","1695.705586432288","2307.7196448379004","2307.7196448379004","2307.7196448379004","1494.825984016568","1494.825984016568","1494.825984016568"
"495000","","","","","","","","","","","","","","","","","","","","","","","","","","","","2332.623770064363","2332.623770064363","2332.623770064363","2509.091590760963","2509.091590760963","2509.091590760963","2537.956087671326","2537.956087671326","2537.956087671326"
"500000","","","","","","","","","","","","","","","","","","","","","","","","","","","","1569.8932653925265","1569.8932653925265","1569.8932653925265","3442.2372969174926","3442.2372969174926","3442.2372969174926","1741.7537763395583","1741.7537763395583","1741.7537763395583"
"505000","","","","","","","","","","","","","","","","","","","","","","","","","","","","1545.0921629486631","1545.0921629486631","1545.0921629486631","1665.3933731469574","1665.3933731469574","1665.3933731469574","4312.79971609811","4312.79971609811","4312.79971609811"
"510000","","","","","","","","","","","","","","","","","","","","","","","","","","","","1974.98859329367","1974.98859329367","1974.98859329367","2531.734550000369","2531.734550000369","2531.734550000369","1597.429169008318","1597.429169008318","1597.429169008318"
"515000","","","","","","","","","","","","","","","","","","","","","","","","","","","","1732.6445155230438","1732.6445155230438","1732.6445155230438","1423.2175964364158","1423.2175964364158","1423.2175964364158","1249.2315982900357","1249.2315982900357","1249.2315982900357"
"520000","","","","","","","","","","","","","","","","","","","","","","","","","","","","1933.1666503147294","1933.1666503147294","1933.1666503147294","2490.1869897614342","2490.1869897614342","2490.1869897614342","1666.0356670899628","1666.0356670899628","1666.0356670899628"
"525000","","","","","","","","","","","","","","","","","","","","","","","","","","","","2073.592379025839","2073.592379025839","2073.592379025839","1585.5114098128927","1585.5114098128927","1585.5114098128927","2529.956438361913","2529.956438361913","2529.956438361913"
"530000","","","","","","","","","","","","","","","","","","","","","","","","","","","","1669.1405336357318","1669.1405336357318","1669.1405336357318","2081.426260098654","2081.426260098654","2081.426260098654","1054.1695559009654","1054.1695559009654","1054.1695559009654"
"535000","","","","","","","","","","","","","","","","","","","","","","","","","","","","2021.8837416820825","2021.8837416820825","2021.8837416820825","1470.756833034276","1470.756833034276","1470.756833034276","1232.0698986802452","1232.0698986802452","1232.0698986802452"
"540000","","","","","","","","","","","","","","","","","","","","","","","","","","","","2191.0465789868044","2191.0465789868044","2191.0465789868044","1899.2193630840338","1899.2193630840338","1899.2193630840338","2772.131000251816","2772.131000251816","2772.131000251816"
"545000","","","","","","","","","","","","","","","","","","","","","","","","","","","","1648.6125061100865","1648.6125061100865","1648.6125061100865","1670.3662258420275","1670.3662258420275","1670.3662258420275","1875.3720539183232","1875.3720539183232","1875.3720539183232"
"550000","","","","","","","","","","","","","","","","","","","","","","","","","","","","1917.9324823692598","1917.9324823692598","1917.9324823692598","1634.697393114076","1634.697393114076","1634.697393114076","1495.3475901053926","1495.3475901053926","1495.3475901053926"
"555000","","","","","","","","","","","","","","","","","","","","","","","","","","","","1933.8039763932538","1933.8039763932538","1933.8039763932538","1691.4396783768057","1691.4396783768057","1691.4396783768057","2068.9369642342576","2068.9369642342576","2068.9369642342576"
"560000","","","","","","","","","","","","","","","","","","","","","","","","","","","","1727.8168660539882","1727.8168660539882","1727.8168660539882","2318.4020231943286","2318.4020231943286","2318.4020231943286","1483.1953963401254","1483.1953963401254","1483.1953963401254"
"565000","","","","","","","","","","","","","","","","","","","","","","","","","","","","1681.9160932170257","1681.9160932170257","1681.9160932170257","2334.347607007821","2334.347607007821","2334.347607007821","2528.7304707044746","2528.7304707044746","2528.7304707044746"
"570000","","","","","","","","","","","","","","","","","","","","","","","","","","","","2035.6838730704603","2035.6838730704603","2035.6838730704603","3505.4299291894813","3505.4299291894813","3505.4299291894813","1671.4336391099976","1671.4336391099976","1671.4336391099976"
"575000","","","","","","","","","","","","","","","","","","","","","","","","","","","","1822.4456149891168","1822.4456149891168","1822.4456149891168","2663.864916183092","2663.864916183092","2663.864916183092","2481.1104240718073","2481.1104240718073","2481.1104240718073"
"580000","","","","","","","","","","","","","","","","","","","","","","","","","","","","2565.851239366223","2565.851239366223","2565.851239366223","1489.3072942209312","1489.3072942209312","1489.3072942209312","1201.4539488273629","1201.4539488273629","1201.4539488273629"
"585000","","","","","","","","","","","","","","","","","","","","","","","","","","","","3153.7586256218806","3153.7586256218806","3153.7586256218806","2358.424384621624","2358.424384621624","2358.424384621624","1601.6327240315313","1601.6327240315313","1601.6327240315313"
"590000","","","","","","","","","","","","","","","","","","","","","","","","","","","","2390.4542687595344","2390.4542687595344","2390.4542687595344","1723.3868161079715","1723.3868161079715","1723.3868161079715","1509.9906586280692","1509.9906586280692","1509.9906586280692"
"595000","","","","","","","","","","","","","","","","","","","","","","","","","","","","2155.626712125905","2155.626712125905","2155.626712125905","2530.638314227757","2530.638314227757","2530.638314227757","2300.098443534713","2300.098443534713","2300.098443534713"
"600000","","","","","","","","","","","","","","","","","","","","","","","","","","","","1568.905876281632","1568.905876281632","1568.905876281632","3173.5901423397568","3173.5901423397568","3173.5901423397568","2306.196021004688","2306.196021004688","2306.196021004688"
"605000","","","","","","","","","","","","","","","","","","","","","","","","","","","","1720.6012133764357","1720.6012133764357","1720.6012133764357","1117.3018953978258","1117.3018953978258","1117.3018953978258","2500.6689953862806","2500.6689953862806","2500.6689953862806"
"610000","","","","","","","","","","","","","","","","","","","","","","","","","","","","2078.581009166136","2078.581009166136","2078.581009166136","2437.0600833217068","2437.0600833217068","2437.0600833217068","2491.616051654719","2491.616051654719","2491.616051654719"
"615000","","","","","","","","","","","","","","","","","","","","","","","","","","","","2537.0488215407645","2537.0488215407645","2537.0488215407645","1695.7176332856498","1695.7176332856498","1695.7176332856498","3526.1036152208594","3526.1036152208594","3526.1036152208594"
"620000","","","","","","","","","","","","","","","","","","","","","","","","","","","","3797.2758840934157","3797.2758840934157","3797.2758840934157","1362.6948370095267","1362.6948370095267","1362.6948370095267","1333.8947093577403","1333.8947093577403","1333.8947093577403"
"625000","","","","","","","","","","","","","","","","","","","","","","","","","","","","2456.9319161338817","2456.9319161338817","2456.9319161338817","2012.2451991398802","2012.2451991398802","2012.2451991398802","2031.3231052242568","2031.3231052242568","2031.3231052242568"
"630000","","","","","","","","","","","","","","","","","","","","","","","","","","","","1266.4314391502373","1266.4314391502373","1266.4314391502373","2047.2035155796798","2047.2035155796798","2047.2035155796798","1426.4008154753847","1426.4008154753847","1426.4008154753847"
"635000","","","","","","","","","","","","","","","","","","","","","","","","","","","","1619.0068048934809","1619.0068048934809","1619.0068048934809","1379.2380307459275","1379.2380307459275","1379.2380307459275","3322.699154772259","3322.699154772259","3322.699154772259"
"640000","","","","","","","","","","","","","","","","","","","","","","","","","","","","3196.171353893869","3196.171353893869","3196.171353893869","1985.1637804996287","1985.1637804996287","1985.1637804996287","2244.375178157983","2244.375178157983","2244.375178157983"
"645000","","","","","","","","","","","","","","","","","","","","","","","","","","","","2562.402215637462","2562.402215637462","2562.402215637462","2662.8767822863592","2662.8767822863592","2662.8767822863592","2115.779689762387","2115.779689762387","2115.779689762387"
"650000","","","","","","","","","","","","","","","","","","","","","","","","","","","","1773.6089648971822","1773.6089648971822","1773.6089648971822","2111.086365575989","2111.086365575989","2111.086365575989","1865.3645504512144","1865.3645504512144","1865.3645504512144"
"655000","","","","","","","","","","","","","","","","","","","","","","","","","","","","1551.3223527360917","1551.3223527360917","1551.3223527360917","1934.7149958493203","1934.7149958493203","1934.7149958493203","1709.742579362659","1709.742579362659","1709.742579362659"
"660000","","","","","","","","","","","","","","","","","","","","","","","","","","","","2233.792004829542","2233.792004829542","2233.792004829542","1506.6266565082826","1506.6266565082826","1506.6266565082826","3377.818807356543","3377.818807356543","3377.818807356543"
"665000","","","","","","","","","","","","","","","","","","","","","","","","","","","","2348.479121178831","2348.479121178831","2348.479121178831","2384.8482672937052","2384.8482672937052","2384.8482672937052","1706.156372767808","1706.156372767808","1706.156372767808"
"670000","","","","","","","","","","","","","","","","","","","","","","","","","","","","1894.7040024709731","1894.7040024709731","1894.7040024709731","3363.635555160414","3363.635555160414","3363.635555160414","2474.4611035583644","2474.4611035583644","2474.4611035583644"
"675000","","","","","","","","","","","","","","","","","","","","","","","","","","","","1790.8584090405614","1790.8584090405614","1790.8584090405614","1275.8829518306848","1275.8829518306848","1275.8829518306848","1679.7415792247564","1679.7415792247564","1679.7415792247564"
"680000","","","","","","","","","","","","","","","","","","","","","","","","","","","","2308.457036762625","2308.457036762625","2308.457036762625","2377.281038459586","2377.281038459586","2377.281038459586","2367.665332524764","2367.665332524764","2367.665332524764"
"685000","","","","","","","","","","","","","","","","","","","","","","","","","","","","1784.0316558098336","1784.0316558098336","1784.0316558098336","2375.1816948353194","2375.1816948353194","2375.1816948353194","2583.3422073309885","2583.3422073309885","2583.3422073309885"
"690000","","","","","","","","","","","","","","","","","","","","","","","","","","","","5269.848094705006","5269.848094705006","5269.848094705006","2543.213364461676","2543.213364461676","2543.213364461676","1364.9937113872595","1364.9937113872595","1364.9937113872595"
"695000","","","","","","","","","","","","","","","","","","","","","","","","","","","","2383.504481725447","2383.504481725447","2383.504481725447","2819.9104917869913","2819.9104917869913","2819.9104917869913","4212.778927230864","4212.778927230864","4212.778927230864"
"700000","","","","","","","","","","","","","","","","","","","","","","","","","","","","2179.4971199696006","2179.4971199696006","2179.4971199696006","2216.624195335128","2216.624195335128","2216.624195335128","1654.4838102146707","1654.4838102146707","1654.4838102146707"
"705000","","","","","","","","","","","","","","","","","","","","","","","","","","","","2508.6556214056104","2508.6556214056104","2508.6556214056104","1261.4026979870307","1261.4026979870307","1261.4026979870307","3159.491562883313","3159.491562883313","3159.491562883313"
"710000","","","","","","","","","","","","","","","","","","","","","","","","","","","","1669.3720378552914","1669.3720378552914","1669.3720378552914","2675.2835509989327","2675.2835509989327","2675.2835509989327","1681.3064302513571","1681.3064302513571","1681.3064302513571"
"715000","","","","","","","","","","","","","","","","","","","","","","","","","","","","1592.0638795299624","1592.0638795299624","1592.0638795299624","1642.323101005858","1642.323101005858","1642.323101005858","1892.2764508959604","1892.2764508959604","1892.2764508959604"
"720000","","","","","","","","","","","","","","","","","","","","","","","","","","","","2946.225254714138","2946.225254714138","2946.225254714138","1849.0572173794287","1849.0572173794287","1849.0572173794287","2425.445130515897","2425.445130515897","2425.445130515897"
"725000","","","","","","","","","","","","","","","","","","","","","","","","","","","","1920.0680153461672","1920.0680153461672","1920.0680153461672","2252.744029706663","2252.744029706663","2252.744029706663","1805.332290223439","1805.332290223439","1805.332290223439"
"730000","","","","","","","","","","","","","","","","","","","","","","","","","","","","5109.256323809868","5109.256323809868","5109.256323809868","4383.283891032474","4383.283891032474","4383.283891032474","1396.5076169233223","1396.5076169233223","1396.5076169233223"
"735000","","","","","","","","","","","","","","","","","","","","","","","","","","","","1622.696040638851","1622.696040638851","1622.696040638851","3240.6955992112594","3240.6955992112594","3240.6955992112594","2476.908207651796","2476.908207651796","2476.908207651796"
"740000","","","","","","","","","","","","","","","","","","","","","","","","","","","","2593.4725935513306","2593.4725935513306","2593.4725935513306","1881.9139541213008","1881.9139541213008","1881.9139541213008","3528.44268706134","3528.44268706134","3528.44268706134"
"745000","","","","","","","","","","","","","","","","","","","","","","","","","","","","1854.8364519890638","1854.8364519890638","1854.8364519890638","1480.654262292291","1480.654262292291","1480.654262292291","2673.8365590569633","2673.8365590569633","2673.8365590569633"
"750000","","","","","","","","","","","","","","","","","","","","","","","","","","","","1984.421589460225","1984.421589460225","1984.421589460225","2502.2254463451854","2502.2254463451854","2502.2254463451854","1481.9331080639024","1481.9331080639024","1481.9331080639024"
"755000","","","","","","","","","","","","","","","","","","","","","","","","","","","","2150.7443151063144","2150.7443151063144","2150.7443151063144","2513.8325939721162","2513.8325939721162","2513.8325939721162","2318.0543754261626","2318.0543754261626","2318.0543754261626"
"760000","","","","","","","","","","","","","","","","","","","","","","","","","","","","1195.9653146816302","1195.9653146816302","1195.9653146816302","2082.0910353404606","2082.0910353404606","2082.0910353404606","2223.980183898931","2223.980183898931","2223.980183898931"
"765000","","","","","","","","","","","","","","","","","","","","","","","","","","","","2431.0460664368184","2431.0460664368184","2431.0460664368184","3172.928839007549","3172.928839007549","3172.928839007549","1967.119256073942","1967.119256073942","1967.119256073942"