"Step","2025-05-25_12-39-58_kitchen-mixed-v0_fql_mlp_ta4_td4_seed42 - avg episode reward - eval","2025-05-25_12-39-58_kitchen-mixed-v0_fql_mlp_ta4_td4_seed42 - avg episode reward - eval__MIN","2025-05-25_12-39-58_kitchen-mixed-v0_fql_mlp_ta4_td4_seed42 - avg episode reward - eval__MAX","2025-05-24_22-13-24_kitchen-mixed-v0_fql_mlp_ta4_td4_seed2025 - avg episode reward - eval","2025-05-24_22-13-24_kitchen-mixed-v0_fql_mlp_ta4_td4_seed2025 - avg episode reward - eval__MIN","2025-05-24_22-13-24_kitchen-mixed-v0_fql_mlp_ta4_td4_seed2025 - avg episode reward - eval__MAX","2025-05-10_21-40-09_kitchen-mixed-v0_fql_mlp_ta4_td4_seed509 - avg episode reward - eval","2025-05-10_21-40-09_kitchen-mixed-v0_fql_mlp_ta4_td4_seed509 - avg episode reward - eval__MIN","2025-05-10_21-40-09_kitchen-mixed-v0_fql_mlp_ta4_td4_seed509 - avg episode reward - eval__MAX","2025-05-10_21-40-08_kitchen-mixed-v0_fql_mlp_ta4_td4_seed3407 - avg episode reward - eval","2025-05-10_21-40-08_kitchen-mixed-v0_fql_mlp_ta4_td4_seed3407 - avg episode reward - eval__MIN","2025-05-10_21-40-08_kitchen-mixed-v0_fql_mlp_ta4_td4_seed3407 - avg episode reward - eval__MAX","2025-05-10_21-40-08_kitchen-mixed-v0_fql_mlp_ta4_td4_seed0 - avg episode reward - eval","2025-05-10_21-40-08_kitchen-mixed-v0_fql_mlp_ta4_td4_seed0 - avg episode reward - eval__MIN","2025-05-10_21-40-08_kitchen-mixed-v0_fql_mlp_ta4_td4_seed0 - avg episode reward - eval__MAX","2025-05-09_18-33-34_kitchen-mixed-v0_ppo_diffusion_mlp_ta4_td20_tdf10_seed509 - avg episode reward - eval","2025-05-09_18-33-34_kitchen-mixed-v0_ppo_diffusion_mlp_ta4_td20_tdf10_seed509 - avg episode reward - eval__MIN","2025-05-09_18-33-34_kitchen-mixed-v0_ppo_diffusion_mlp_ta4_td20_tdf10_seed509 - avg episode reward - eval__MAX","2025-05-09_18-33-25_kitchen-mixed-v0_ppo_diffusion_mlp_ta4_td20_tdf10_seed2025 - avg episode reward - eval","2025-05-09_18-33-25_kitchen-mixed-v0_ppo_diffusion_mlp_ta4_td20_tdf10_seed2025 - avg episode reward - eval__MIN","2025-05-09_18-33-25_kitchen-mixed-v0_ppo_diffusion_mlp_ta4_td20_tdf10_seed2025 - avg episode reward - eval__MAX","2025-05-09_18-33-05_kitchen-mixed-v0_ppo_shortcut_mlp_ta4_td4_tdf4_seed509 - eval/avg episode reward","2025-05-09_18-33-05_kitchen-mixed-v0_ppo_shortcut_mlp_ta4_td4_tdf4_seed509 - eval/avg episode reward__MIN","2025-05-09_18-33-05_kitchen-mixed-v0_ppo_shortcut_mlp_ta4_td4_tdf4_seed509 - eval/avg episode reward__MAX","2025-05-09_18-32-33_kitchen-mixed-v0_ppo_shortcut_mlp_ta4_td4_tdf4_seed2025 - eval/avg episode reward","2025-05-09_18-32-33_kitchen-mixed-v0_ppo_shortcut_mlp_ta4_td4_tdf4_seed2025 - eval/avg episode reward__MIN","2025-05-09_18-32-33_kitchen-mixed-v0_ppo_shortcut_mlp_ta4_td4_tdf4_seed2025 - eval/avg episode reward__MAX","2025-05-09_15-38-28_kitchen-mixed-v0_ppo_diffusion_mlp_ta4_td20_tdf10_seed3407 - avg episode reward - eval","2025-05-09_15-38-28_kitchen-mixed-v0_ppo_diffusion_mlp_ta4_td20_tdf10_seed3407 - avg episode reward - eval__MIN","2025-05-09_15-38-28_kitchen-mixed-v0_ppo_diffusion_mlp_ta4_td20_tdf10_seed3407 - avg episode reward - eval__MAX","2025-05-09_15-38-28_kitchen-mixed-v0_ppo_diffusion_mlp_ta4_td20_tdf10_seed0 - avg episode reward - eval","2025-05-09_15-38-28_kitchen-mixed-v0_ppo_diffusion_mlp_ta4_td20_tdf10_seed0 - avg episode reward - eval__MIN","2025-05-09_15-38-28_kitchen-mixed-v0_ppo_diffusion_mlp_ta4_td20_tdf10_seed0 - avg episode reward - eval__MAX","2025-05-08_23-03-05_kitchen-mixed-v0_ppo_shortcut_mlp_ta4_td4_tdf4_seed3407 - eval/avg episode reward","2025-05-08_23-03-05_kitchen-mixed-v0_ppo_shortcut_mlp_ta4_td4_tdf4_seed3407 - eval/avg episode reward__MIN","2025-05-08_23-03-05_kitchen-mixed-v0_ppo_shortcut_mlp_ta4_td4_tdf4_seed3407 - eval/avg episode reward__MAX","2025-05-08_23-02-13_kitchen-mixed-v0_ppo_shortcut_mlp_ta4_td4_tdf4_seed0 - eval/avg episode reward","2025-05-08_23-02-13_kitchen-mixed-v0_ppo_shortcut_mlp_ta4_td4_tdf4_seed0 - eval/avg episode reward__MIN","2025-05-08_23-02-13_kitchen-mixed-v0_ppo_shortcut_mlp_ta4_td4_tdf4_seed0 - eval/avg episode reward__MAX","2025-05-08_20-34-31_kitchen-mixed-v0_ppo_diffusion_mlp_ta4_td20_tdf10_seed42 - avg episode reward - eval","2025-05-08_20-34-31_kitchen-mixed-v0_ppo_diffusion_mlp_ta4_td20_tdf10_seed42 - avg episode reward - eval__MIN","2025-05-08_20-34-31_kitchen-mixed-v0_ppo_diffusion_mlp_ta4_td20_tdf10_seed42 - avg episode reward - eval__MAX","2025-05-08_20-13-28_kitchen-mixed-v0_ppo_shortcut_mlp_ta4_td4_tdf4_seed42 - eval/avg episode reward","2025-05-08_20-13-28_kitchen-mixed-v0_ppo_shortcut_mlp_ta4_td4_tdf4_seed42 - eval/avg episode reward__MIN","2025-05-08_20-13-28_kitchen-mixed-v0_ppo_shortcut_mlp_ta4_td4_tdf4_seed42 - eval/avg episode reward__MAX"
"0","0","0","0","0","0","0","0","0","0","0","0","0","0","0","0","1.9","1.9","1.9","1.9375","1.9375","1.9375","1.9125","1.9125","1.9125","1.9","1.9","1.9","2","2","2","2","2","2","1.925","1.925","1.925","1.9875","1.9875","1.9875","1.9625","1.9625","1.9625","1.95","1.95","1.95"
"10","","","","","","","","","","","","","","","","2.2375","2.2375","2.2375","2.5125","2.5125","2.5125","2.5875","2.5875","2.5875","2.4","2.4","2.4","2.3","2.3","2.3","2.375","2.375","2.375","2.65","2.65","2.65","2.65","2.65","2.65","2.2125","2.2125","2.2125","2.6","2.6","2.6"
"20","","","","","","","","","","","","","","","","2.55","2.55","2.55","2.85","2.85","2.85","2.775","2.775","2.775","2.95","2.95","2.95","2.7875","2.7875","2.7875","2.75","2.75","2.75","2.9625","2.9625","2.9625","2.925","2.925","2.925","2.6375","2.6375","2.6375","2.9125","2.9125","2.9125"
"30","","","","","","","","","","","","","","","","2.8625","2.8625","2.8625","2.9125","2.9125","2.9125","2.925","2.925","2.925","2.975","2.975","2.975","2.925","2.925","2.925","2.8764044943820224","2.8764044943820224","2.8764044943820224","2.9625","2.9625","2.9625","2.95","2.95","2.95","2.9","2.9","2.9","2.925","2.925","2.925"
"40","","","","","","","","","","","","","","","","2.8125","2.8125","2.8125","2.975","2.975","2.975","2.925","2.925","2.925","2.9625","2.9625","2.9625","2.975","2.975","2.975","3.725","3.725","3.725","2.9125","2.9125","2.9125","2.9875","2.9875","2.9875","2.8875","2.8875","2.8875","2.975","2.975","2.975"
"50","","","","","","","","","","","","","","","","2.975","2.975","2.975","3","3","3","2.9625","2.9625","2.9625","2.95","2.95","2.95","2.975","2.975","2.975","3.9602649006622515","3.9602649006622515","3.9602649006622515","2.9125","2.9125","2.9125","2.975","2.975","2.975","2.9","2.9","2.9","3","3","3"
"60","","","","","","","","","","","","","","","","2.975","2.975","2.975","2.975","2.975","2.975","2.975","2.975","2.975","2.9875","2.9875","2.9875","3","3","3","4","4","4","2.9875","2.9875","2.9875","2.9625","2.9625","2.9625","2.95","2.95","2.95","3","3","3"
"70","","","","","","","","","","","","","","","","3","3","3","3","3","3","2.975","2.975","2.975","2.9875","2.9875","2.9875","2.9625","2.9625","2.9625","3.962025316455696","3.962025316455696","3.962025316455696","2.95","2.95","2.95","2.9625","2.9625","2.9625","2.9875","2.9875","2.9875","2.9625","2.9625","2.9625"
"80","","","","","","","","","","","","","","","","3","3","3","3","3","3","2.975","2.975","2.975","2.9","2.9","2.9","2.9625","2.9625","2.9625","4","4","4","2.9875","2.9875","2.9875","2.975","2.975","2.975","3","3","3","3","3","3"
"90","","","","","","","","","","","","","","","","3","3","3","2.9875","2.9875","2.9875","3","3","3","2.9375","2.9375","2.9375","2.975","2.975","2.975","4","4","4","2.9875","2.9875","2.9875","3","3","3","2.9875","2.9875","2.9875","2.9875","2.9875","2.9875"
"100","","","","","","","","","","","","","","","","2.9875","2.9875","2.9875","3","3","3","2.975","2.975","2.975","2.9625","2.9625","2.9625","2.9875","2.9875","2.9875","4","4","4","3","3","3","3","3","3","3","3","3","3","3","3"
"110","","","","","","","","","","","","","","","","2.975","2.975","2.975","2.9875","2.9875","2.9875","3","3","3","2.95","2.95","2.95","3","3","3","4","4","4","3","3","3","3","3","3","3","3","3","2.9875","2.9875","2.9875"
"120","","","","","","","","","","","","","","","","2.9875","2.9875","2.9875","2.9875","2.9875","2.9875","3","3","3","2.975","2.975","2.975","3.2551020408163267","3.2551020408163267","3.2551020408163267","4","4","4","2.975","2.975","2.975","2.9375","2.9375","2.9375","3","3","3","2.9875","2.9875","2.9875"
"130","","","","","","","","","","","","","","","","2.9875","2.9875","2.9875","2.9625","2.9625","2.9625","2.9875","2.9875","2.9875","2.9875","2.9875","2.9875","3.7063492063492065","3.7063492063492065","3.7063492063492065","4","4","4","2.9875","2.9875","2.9875","2.9","2.9","2.9","3","3","3","2.9625","2.9625","2.9625"
"140","","","","","","","","","","","","","","","","3","3","3","3","3","3","2.9875","2.9875","2.9875","2.9875","2.9875","2.9875","3.7846153846153845","3.7846153846153845","3.7846153846153845","4","4","4","2.9625","2.9625","2.9625","3","3","3","3","3","3","3","3","3"
"150","","","","","","","","","","","","","","","","3","3","3","3","3","3","2.9875","2.9875","2.9875","2.9625","2.9625","2.9625","3.8652482269503547","3.8652482269503547","3.8652482269503547","4","4","4","3","3","3","2.9875","2.9875","2.9875","3","3","3","2.95","2.95","2.95"
"160","","","","","","","","","","","","","","","","3","3","3","3","3","3","2.975","2.975","2.975","2.975","2.975","2.975","3.9452054794520546","3.9452054794520546","3.9452054794520546","4","4","4","2.9875","2.9875","2.9875","2.975","2.975","2.975","3","3","3","2.95","2.95","2.95"
"170","","","","","","","","","","","","","","","","3","3","3","3","3","3","2.975","2.975","2.975","3","3","3","3.9527027027027026","3.9527027027027026","3.9527027027027026","4","4","4","2.9875","2.9875","2.9875","2.9625","2.9625","2.9625","2.9875","2.9875","2.9875","2.9875","2.9875","2.9875"
"180","","","","","","","","","","","","","","","","3","3","3","3.0125","3.0125","3.0125","3","3","3","2.9625","2.9625","2.9625","3.9054054054054053","3.9054054054054053","3.9054054054054053","4","4","4","3","3","3","2.975","2.975","2.975","3","3","3","2.975","2.975","2.975"
"190","","","","","","","","","","","","","","","","3","3","3","3","3","3","3","3","3","3","3","3","3.947712418300654","3.947712418300654","3.947712418300654","4","4","4","2.9875","2.9875","2.9875","3","3","3","3","3","3","3","3","3"
"200","","","","","","","","","","","","","","","","3","3","3","3","3","3","2.9875","2.9875","2.9875","2.975","2.975","2.975","3.564516129032258","3.564516129032258","3.564516129032258","4","4","4","3","3","3","3","3","3","3","3","3","2.975","2.975","2.975"
"210","","","","","","","","","","","","","","","","3","3","3","3","3","3","3","3","3","2.9875","2.9875","2.9875","3.7777777777777777","3.7777777777777777","3.7777777777777777","3.9914163090128754","3.9914163090128754","3.9914163090128754","3","3","3","2.9875","2.9875","2.9875","3","3","3","2.975","2.975","2.975"
"220","","","","","","","","","","","","","","","","3","3","3","2.9875","2.9875","2.9875","2.9875","2.9875","2.9875","2.9875","2.9875","2.9875","3.9177215189873418","3.9177215189873418","3.9177215189873418","4","4","4","3","3","3","2.9875","2.9875","2.9875","3","3","3","2.95","2.95","2.95"
"230","","","","","","","","","","","","","","","","3","3","3","3","3","3","3","3","3","3","3","3","3.9019607843137254","3.9019607843137254","3.9019607843137254","4","4","4","2.9875","2.9875","2.9875","3","3","3","3.0125","3.0125","3.0125","2.975","2.975","2.975"
"240","","","","","","","","","","","","","","","","3.0123456790123457","3.0123456790123457","3.0123456790123457","3","3","3","2.975","2.975","2.975","2.9625","2.9625","2.9625","3.975","3.975","3.975","4","4","4","2.975","2.975","2.975","3","3","3","3","3","3","2.9625","2.9625","2.9625"
"250","","","","","","","","","","","","","","","","2.9875","2.9875","2.9875","3","3","3","3","3","3","2.9625","2.9625","2.9625","3.943396226415094","3.943396226415094","3.943396226415094","4","4","4","2.9875","2.9875","2.9875","3","3","3","3","3","3","2.975","2.975","2.975"
"260","","","","","","","","","","","","","","","","3","3","3","3","3","3","3","3","3","3","3","3","3.95","3.95","3.95","4","4","4","2.9375","2.9375","2.9375","2.9875","2.9875","2.9875","3","3","3","2.9875","2.9875","2.9875"
"270","","","","","","","","","","","","","","","","3","3","3","3","3","3","3","3","3","3","3","3","3.975","3.975","3.975","3.99581589958159","3.99581589958159","3.99581589958159","3","3","3","3","3","3","3.0125","3.0125","3.0125","3","3","3"
"280","","","","","","","","","","","","","","","","3","3","3","3","3","3","2.975","2.975","2.975","3","3","3","3.98125","3.98125","3.98125","4","4","4","3","3","3","3","3","3","3","3","3","2.9875","2.9875","2.9875"
"290","","","","","","","","","","","","","","","","3","3","3","3","3","3","2.975","2.975","2.975","2.9875","2.9875","2.9875","3.9878048780487805","3.9878048780487805","3.9878048780487805","4","4","4","2.95","2.95","2.95","3","3","3","3.0125","3.0125","3.0125","2.975","2.975","2.975"
"300","","","","","","","","","","","","","","","","2.975","2.975","2.975","3","3","3","2.975","2.975","2.975","2.9625","2.9625","2.9625","3.9707602339181287","3.9707602339181287","3.9707602339181287","4","4","4","3","3","3","2.9875","2.9875","2.9875","3","3","3","3","3","3"
"5000","0","0","0","0","0","0","0","0","0","0","0","0","0","0","0","","","","","","","","","","","","","","","","","","","","","","","","","","","","","",""
"10000","0","0","0","0","0","0","0","0","0","0","0","0","0","0","0","","","","","","","","","","","","","","","","","","","","","","","","","","","","","",""
"15000","0.14285714285714285","0.14285714285714285","0.14285714285714285","0.14285714285714285","0.14285714285714285","0.14285714285714285","0","0","0","0","0","0","0","0","0","","","","","","","","","","","","","","","","","","","","","","","","","","","","","",""
"20000","0","0","0","0.14285714285714285","0.14285714285714285","0.14285714285714285","0","0","0","0.2857142857142857","0.2857142857142857","0.2857142857142857","0","0","0","","","","","","","","","","","","","","","","","","","","","","","","","","","","","",""
"25000","0.14285714285714285","0.14285714285714285","0.14285714285714285","0","0","0","0","0","0","0.42857142857142855","0.42857142857142855","0.42857142857142855","0.14285714285714285","0.14285714285714285","0.14285714285714285","","","","","","","","","","","","","","","","","","","","","","","","","","","","","",""
"30000","0.14285714285714285","0.14285714285714285","0.14285714285714285","0.14285714285714285","0.14285714285714285","0.14285714285714285","0","0","0","0","0","0","0","0","0","","","","","","","","","","","","","","","","","","","","","","","","","","","","","",""
"35000","0","0","0","0","0","0","0","0","0","0","0","0","0","0","0","","","","","","","","","","","","","","","","","","","","","","","","","","","","","",""
"40000","0","0","0","0.14285714285714285","0.14285714285714285","0.14285714285714285","0","0","0","0","0","0","0","0","0","","","","","","","","","","","","","","","","","","","","","","","","","","","","","",""
"45000","0","0","0","0.14285714285714285","0.14285714285714285","0.14285714285714285","0.14285714285714285","0.14285714285714285","0.14285714285714285","0","0","0","0.14285714285714285","0.14285714285714285","0.14285714285714285","","","","","","","","","","","","","","","","","","","","","","","","","","","","","",""
"50000","0.2857142857142857","0.2857142857142857","0.2857142857142857","0.2857142857142857","0.2857142857142857","0.2857142857142857","0.14285714285714285","0.14285714285714285","0.14285714285714285","0.2857142857142857","0.2857142857142857","0.2857142857142857","0.14285714285714285","0.14285714285714285","0.14285714285714285","","","","","","","","","","","","","","","","","","","","","","","","","","","","","",""
"55000","0","0","0","0.14285714285714285","0.14285714285714285","0.14285714285714285","0","0","0","0.42857142857142855","0.42857142857142855","0.42857142857142855","0.14285714285714285","0.14285714285714285","0.14285714285714285","","","","","","","","","","","","","","","","","","","","","","","","","","","","","",""
"60000","0.2857142857142857","0.2857142857142857","0.2857142857142857","0.14285714285714285","0.14285714285714285","0.14285714285714285","0","0","0","0","0","0","0","0","0","","","","","","","","","","","","","","","","","","","","","","","","","","","","","",""
"65000","0.2857142857142857","0.2857142857142857","0.2857142857142857","0","0","0","0","0","0","0.14285714285714285","0.14285714285714285","0.14285714285714285","0.14285714285714285","0.14285714285714285","0.14285714285714285","","","","","","","","","","","","","","","","","","","","","","","","","","","","","",""
"70000","0.14285714285714285","0.14285714285714285","0.14285714285714285","0.14285714285714285","0.14285714285714285","0.14285714285714285","0.14285714285714285","0.14285714285714285","0.14285714285714285","0.14285714285714285","0.14285714285714285","0.14285714285714285","0.14285714285714285","0.14285714285714285","0.14285714285714285","","","","","","","","","","","","","","","","","","","","","","","","","","","","","",""
"75000","0.14285714285714285","0.14285714285714285","0.14285714285714285","0.2857142857142857","0.2857142857142857","0.2857142857142857","0.14285714285714285","0.14285714285714285","0.14285714285714285","0.14285714285714285","0.14285714285714285","0.14285714285714285","0","0","0","","","","","","","","","","","","","","","","","","","","","","","","","","","","","",""
"80000","0.42857142857142855","0.42857142857142855","0.42857142857142855","0.2857142857142857","0.2857142857142857","0.2857142857142857","0","0","0","0.2857142857142857","0.2857142857142857","0.2857142857142857","0.14285714285714285","0.14285714285714285","0.14285714285714285","","","","","","","","","","","","","","","","","","","","","","","","","","","","","",""
"85000","0.5714285714285714","0.5714285714285714","0.5714285714285714","0","0","0","0","0","0","0","0","0","0.2857142857142857","0.2857142857142857","0.2857142857142857","","","","","","","","","","","","","","","","","","","","","","","","","","","","","",""
"90000","0.2857142857142857","0.2857142857142857","0.2857142857142857","0","0","0","0","0","0","0","0","0","0.14285714285714285","0.14285714285714285","0.14285714285714285","","","","","","","","","","","","","","","","","","","","","","","","","","","","","",""
"95000","0.14285714285714285","0.14285714285714285","0.14285714285714285","0.2857142857142857","0.2857142857142857","0.2857142857142857","0","0","0","0","0","0","0","0","0","","","","","","","","","","","","","","","","","","","","","","","","","","","","","",""
"100000","0.2857142857142857","0.2857142857142857","0.2857142857142857","0","0","0","0.14285714285714285","0.14285714285714285","0.14285714285714285","0.14285714285714285","0.14285714285714285","0.14285714285714285","0.14285714285714285","0.14285714285714285","0.14285714285714285","","","","","","","","","","","","","","","","","","","","","","","","","","","","","",""
"105000","0.14285714285714285","0.14285714285714285","0.14285714285714285","0.14285714285714285","0.14285714285714285","0.14285714285714285","0.42857142857142855","0.42857142857142855","0.42857142857142855","0","0","0","0","0","0","","","","","","","","","","","","","","","","","","","","","","","","","","","","","",""
"110000","0.42857142857142855","0.42857142857142855","0.42857142857142855","0.5714285714285714","0.5714285714285714","0.5714285714285714","0","0","0","0","0","0","0","0","0","","","","","","","","","","","","","","","","","","","","","","","","","","","","","",""
"115000","0.2857142857142857","0.2857142857142857","0.2857142857142857","0","0","0","0","0","0","0.14285714285714285","0.14285714285714285","0.14285714285714285","0","0","0","","","","","","","","","","","","","","","","","","","","","","","","","","","","","",""
"120000","0.14285714285714285","0.14285714285714285","0.14285714285714285","0.14285714285714285","0.14285714285714285","0.14285714285714285","0","0","0","0.14285714285714285","0.14285714285714285","0.14285714285714285","0.14285714285714285","0.14285714285714285","0.14285714285714285","","","","","","","","","","","","","","","","","","","","","","","","","","","","","",""
"125000","0.14285714285714285","0.14285714285714285","0.14285714285714285","0.2857142857142857","0.2857142857142857","0.2857142857142857","0","0","0","0.42857142857142855","0.42857142857142855","0.42857142857142855","0.2857142857142857","0.2857142857142857","0.2857142857142857","","","","","","","","","","","","","","","","","","","","","","","","","","","","","",""
"130000","0.14285714285714285","0.14285714285714285","0.14285714285714285","0.14285714285714285","0.14285714285714285","0.14285714285714285","0.42857142857142855","0.42857142857142855","0.42857142857142855","0.2857142857142857","0.2857142857142857","0.2857142857142857","0.2857142857142857","0.2857142857142857","0.2857142857142857","","","","","","","","","","","","","","","","","","","","","","","","","","","","","",""
"135000","0.2857142857142857","0.2857142857142857","0.2857142857142857","0.42857142857142855","0.42857142857142855","0.42857142857142855","0.14285714285714285","0.14285714285714285","0.14285714285714285","0","0","0","0","0","0","","","","","","","","","","","","","","","","","","","","","","","","","","","","","",""
"140000","0.2857142857142857","0.2857142857142857","0.2857142857142857","0.7142857142857143","0.7142857142857143","0.7142857142857143","0.2857142857142857","0.2857142857142857","0.2857142857142857","0.2857142857142857","0.2857142857142857","0.2857142857142857","0.14285714285714285","0.14285714285714285","0.14285714285714285","","","","","","","","","","","","","","","","","","","","","","","","","","","","","",""
"145000","0.2857142857142857","0.2857142857142857","0.2857142857142857","0.42857142857142855","0.42857142857142855","0.42857142857142855","0.2857142857142857","0.2857142857142857","0.2857142857142857","0","0","0","0","0","0","","","","","","","","","","","","","","","","","","","","","","","","","","","","","",""
"150000","0.14285714285714285","0.14285714285714285","0.14285714285714285","0.14285714285714285","0.14285714285714285","0.14285714285714285","0","0","0","0.14285714285714285","0.14285714285714285","0.14285714285714285","0.14285714285714285","0.14285714285714285","0.14285714285714285","","","","","","","","","","","","","","","","","","","","","","","","","","","","","",""
"155000","0.14285714285714285","0.14285714285714285","0.14285714285714285","0","0","0","0.2857142857142857","0.2857142857142857","0.2857142857142857","0","0","0","0.14285714285714285","0.14285714285714285","0.14285714285714285","","","","","","","","","","","","","","","","","","","","","","","","","","","","","",""
"160000","0.42857142857142855","0.42857142857142855","0.42857142857142855","0","0","0","0.14285714285714285","0.14285714285714285","0.14285714285714285","0","0","0","0.2857142857142857","0.2857142857142857","0.2857142857142857","","","","","","","","","","","","","","","","","","","","","","","","","","","","","",""
"165000","0.2857142857142857","0.2857142857142857","0.2857142857142857","0.14285714285714285","0.14285714285714285","0.14285714285714285","0.2857142857142857","0.2857142857142857","0.2857142857142857","0","0","0","0","0","0","","","","","","","","","","","","","","","","","","","","","","","","","","","","","",""
"170000","0.7142857142857143","0.7142857142857143","0.7142857142857143","0.5714285714285714","0.5714285714285714","0.5714285714285714","0.2857142857142857","0.2857142857142857","0.2857142857142857","0","0","0","0.2857142857142857","0.2857142857142857","0.2857142857142857","","","","","","","","","","","","","","","","","","","","","","","","","","","","","",""
"175000","0.8571428571428571","0.8571428571428571","0.8571428571428571","0.2857142857142857","0.2857142857142857","0.2857142857142857","0.2857142857142857","0.2857142857142857","0.2857142857142857","0.14285714285714285","0.14285714285714285","0.14285714285714285","0.42857142857142855","0.42857142857142855","0.42857142857142855","","","","","","","","","","","","","","","","","","","","","","","","","","","","","",""
"180000","0.14285714285714285","0.14285714285714285","0.14285714285714285","0.42857142857142855","0.42857142857142855","0.42857142857142855","0.14285714285714285","0.14285714285714285","0.14285714285714285","0.42857142857142855","0.42857142857142855","0.42857142857142855","0.42857142857142855","0.42857142857142855","0.42857142857142855","","","","","","","","","","","","","","","","","","","","","","","","","","","","","",""
"185000","0.7142857142857143","0.7142857142857143","0.7142857142857143","0","0","0","0.2857142857142857","0.2857142857142857","0.2857142857142857","0","0","0","0.2857142857142857","0.2857142857142857","0.2857142857142857","","","","","","","","","","","","","","","","","","","","","","","","","","","","","",""
"190000","0.14285714285714285","0.14285714285714285","0.14285714285714285","0","0","0","0.2857142857142857","0.2857142857142857","0.2857142857142857","0.14285714285714285","0.14285714285714285","0.14285714285714285","0.2857142857142857","0.2857142857142857","0.2857142857142857","","","","","","","","","","","","","","","","","","","","","","","","","","","","","",""
"195000","0.2857142857142857","0.2857142857142857","0.2857142857142857","0","0","0","0","0","0","0.14285714285714285","0.14285714285714285","0.14285714285714285","0.14285714285714285","0.14285714285714285","0.14285714285714285","","","","","","","","","","","","","","","","","","","","","","","","","","","","","",""
"200000","0.42857142857142855","0.42857142857142855","0.42857142857142855","0","0","0","0.14285714285714285","0.14285714285714285","0.14285714285714285","0.42857142857142855","0.42857142857142855","0.42857142857142855","0.5714285714285714","0.5714285714285714","0.5714285714285714","","","","","","","","","","","","","","","","","","","","","","","","","","","","","",""
"205000","0.14285714285714285","0.14285714285714285","0.14285714285714285","0","0","0","0.42857142857142855","0.42857142857142855","0.42857142857142855","0","0","0","0.14285714285714285","0.14285714285714285","0.14285714285714285","","","","","","","","","","","","","","","","","","","","","","","","","","","","","",""
"210000","0","0","0","0","0","0","0.2857142857142857","0.2857142857142857","0.2857142857142857","0","0","0","0.7142857142857143","0.7142857142857143","0.7142857142857143","","","","","","","","","","","","","","","","","","","","","","","","","","","","","",""
"215000","0.7142857142857143","0.7142857142857143","0.7142857142857143","0","0","0","0","0","0","0.42857142857142855","0.42857142857142855","0.42857142857142855","0.42857142857142855","0.42857142857142855","0.42857142857142855","","","","","","","","","","","","","","","","","","","","","","","","","","","","","",""
"220000","0.14285714285714285","0.14285714285714285","0.14285714285714285","0.2857142857142857","0.2857142857142857","0.2857142857142857","0.14285714285714285","0.14285714285714285","0.14285714285714285","0","0","0","0.14285714285714285","0.14285714285714285","0.14285714285714285","","","","","","","","","","","","","","","","","","","","","","","","","","","","","",""
"225000","0.42857142857142855","0.42857142857142855","0.42857142857142855","0.5714285714285714","0.5714285714285714","0.5714285714285714","0.14285714285714285","0.14285714285714285","0.14285714285714285","0.2857142857142857","0.2857142857142857","0.2857142857142857","0.42857142857142855","0.42857142857142855","0.42857142857142855","","","","","","","","","","","","","","","","","","","","","","","","","","","","","",""
"230000","0.14285714285714285","0.14285714285714285","0.14285714285714285","0.2857142857142857","0.2857142857142857","0.2857142857142857","0.5714285714285714","0.5714285714285714","0.5714285714285714","0.2857142857142857","0.2857142857142857","0.2857142857142857","1","1","1","","","","","","","","","","","","","","","","","","","","","","","","","","","","","",""
"235000","0.2857142857142857","0.2857142857142857","0.2857142857142857","0.14285714285714285","0.14285714285714285","0.14285714285714285","0.2857142857142857","0.2857142857142857","0.2857142857142857","0","0","0","0.42857142857142855","0.42857142857142855","0.42857142857142855","","","","","","","","","","","","","","","","","","","","","","","","","","","","","",""
"240000","0.42857142857142855","0.42857142857142855","0.42857142857142855","0.2857142857142857","0.2857142857142857","0.2857142857142857","0.5714285714285714","0.5714285714285714","0.5714285714285714","0.42857142857142855","0.42857142857142855","0.42857142857142855","0.5714285714285714","0.5714285714285714","0.5714285714285714","","","","","","","","","","","","","","","","","","","","","","","","","","","","","",""
"245000","0.14285714285714285","0.14285714285714285","0.14285714285714285","0.2857142857142857","0.2857142857142857","0.2857142857142857","0.2857142857142857","0.2857142857142857","0.2857142857142857","0","0","0","0.42857142857142855","0.42857142857142855","0.42857142857142855","","","","","","","","","","","","","","","","","","","","","","","","","","","","","",""
"250000","0.14285714285714285","0.14285714285714285","0.14285714285714285","0.7142857142857143","0.7142857142857143","0.7142857142857143","0.2857142857142857","0.2857142857142857","0.2857142857142857","1.1428571428571428","1.1428571428571428","1.1428571428571428","0.8571428571428571","0.8571428571428571","0.8571428571428571","","","","","","","","","","","","","","","","","","","","","","","","","","","","","",""
"255000","0.2857142857142857","0.2857142857142857","0.2857142857142857","0","0","0","0.14285714285714285","0.14285714285714285","0.14285714285714285","0.5714285714285714","0.5714285714285714","0.5714285714285714","0.14285714285714285","0.14285714285714285","0.14285714285714285","","","","","","","","","","","","","","","","","","","","","","","","","","","","","",""
"260000","0.42857142857142855","0.42857142857142855","0.42857142857142855","0.2857142857142857","0.2857142857142857","0.2857142857142857","0.14285714285714285","0.14285714285714285","0.14285714285714285","0.2857142857142857","0.2857142857142857","0.2857142857142857","0.2857142857142857","0.2857142857142857","0.2857142857142857","","","","","","","","","","","","","","","","","","","","","","","","","","","","","",""
"265000","0.42857142857142855","0.42857142857142855","0.42857142857142855","0.5714285714285714","0.5714285714285714","0.5714285714285714","0.14285714285714285","0.14285714285714285","0.14285714285714285","0.42857142857142855","0.42857142857142855","0.42857142857142855","0.42857142857142855","0.42857142857142855","0.42857142857142855","","","","","","","","","","","","","","","","","","","","","","","","","","","","","",""
"270000","0","0","0","0.14285714285714285","0.14285714285714285","0.14285714285714285","0.2857142857142857","0.2857142857142857","0.2857142857142857","0","0","0","0.14285714285714285","0.14285714285714285","0.14285714285714285","","","","","","","","","","","","","","","","","","","","","","","","","","","","","",""
"275000","0.14285714285714285","0.14285714285714285","0.14285714285714285","0.14285714285714285","0.14285714285714285","0.14285714285714285","0","0","0","0.2857142857142857","0.2857142857142857","0.2857142857142857","1","1","1","","","","","","","","","","","","","","","","","","","","","","","","","","","","","",""
"280000","0.2857142857142857","0.2857142857142857","0.2857142857142857","0","0","0","0.14285714285714285","0.14285714285714285","0.14285714285714285","0.42857142857142855","0.42857142857142855","0.42857142857142855","0.5714285714285714","0.5714285714285714","0.5714285714285714","","","","","","","","","","","","","","","","","","","","","","","","","","","","","",""
"285000","0.2857142857142857","0.2857142857142857","0.2857142857142857","0.2857142857142857","0.2857142857142857","0.2857142857142857","0.2857142857142857","0.2857142857142857","0.2857142857142857","0","0","0","0.2857142857142857","0.2857142857142857","0.2857142857142857","","","","","","","","","","","","","","","","","","","","","","","","","","","","","",""
"290000","0.14285714285714285","0.14285714285714285","0.14285714285714285","0.42857142857142855","0.42857142857142855","0.42857142857142855","0.14285714285714285","0.14285714285714285","0.14285714285714285","0.5714285714285714","0.5714285714285714","0.5714285714285714","0.42857142857142855","0.42857142857142855","0.42857142857142855","","","","","","","","","","","","","","","","","","","","","","","","","","","","","",""
"295000","0","0","0","0.2857142857142857","0.2857142857142857","0.2857142857142857","0.8571428571428571","0.8571428571428571","0.8571428571428571","0","0","0","0.2857142857142857","0.2857142857142857","0.2857142857142857","","","","","","","","","","","","","","","","","","","","","","","","","","","","","",""
"300000","0.14285714285714285","0.14285714285714285","0.14285714285714285","0.14285714285714285","0.14285714285714285","0.14285714285714285","0.2857142857142857","0.2857142857142857","0.2857142857142857","0.5714285714285714","0.5714285714285714","0.5714285714285714","1","1","1","","","","","","","","","","","","","","","","","","","","","","","","","","","","","",""
"305000","0.14285714285714285","0.14285714285714285","0.14285714285714285","0","0","0","0.7142857142857143","0.7142857142857143","0.7142857142857143","0","0","0","1","1","1","","","","","","","","","","","","","","","","","","","","","","","","","","","","","",""
"310000","0.2857142857142857","0.2857142857142857","0.2857142857142857","0.2857142857142857","0.2857142857142857","0.2857142857142857","0.14285714285714285","0.14285714285714285","0.14285714285714285","0.14285714285714285","0.14285714285714285","0.14285714285714285","0.42857142857142855","0.42857142857142855","0.42857142857142855","","","","","","","","","","","","","","","","","","","","","","","","","","","","","",""
"315000","0.14285714285714285","0.14285714285714285","0.14285714285714285","0.14285714285714285","0.14285714285714285","0.14285714285714285","0","0","0","0.2857142857142857","0.2857142857142857","0.2857142857142857","0","0","0","","","","","","","","","","","","","","","","","","","","","","","","","","","","","",""
"320000","0.14285714285714285","0.14285714285714285","0.14285714285714285","0.2857142857142857","0.2857142857142857","0.2857142857142857","0.2857142857142857","0.2857142857142857","0.2857142857142857","0.5714285714285714","0.5714285714285714","0.5714285714285714","0.42857142857142855","0.42857142857142855","0.42857142857142855","","","","","","","","","","","","","","","","","","","","","","","","","","","","","",""
"325000","0.42857142857142855","0.42857142857142855","0.42857142857142855","0.2857142857142857","0.2857142857142857","0.2857142857142857","0.14285714285714285","0.14285714285714285","0.14285714285714285","0","0","0","0.5714285714285714","0.5714285714285714","0.5714285714285714","","","","","","","","","","","","","","","","","","","","","","","","","","","","","",""
"330000","0.42857142857142855","0.42857142857142855","0.42857142857142855","0.42857142857142855","0.42857142857142855","0.42857142857142855","0.42857142857142855","0.42857142857142855","0.42857142857142855","0.2857142857142857","0.2857142857142857","0.2857142857142857","0.7142857142857143","0.7142857142857143","0.7142857142857143","","","","","","","","","","","","","","","","","","","","","","","","","","","","","",""
"335000","0.2857142857142857","0.2857142857142857","0.2857142857142857","0.14285714285714285","0.14285714285714285","0.14285714285714285","0.2857142857142857","0.2857142857142857","0.2857142857142857","0.7142857142857143","0.7142857142857143","0.7142857142857143","0.14285714285714285","0.14285714285714285","0.14285714285714285","","","","","","","","","","","","","","","","","","","","","","","","","","","","","",""
"340000","0.5714285714285714","0.5714285714285714","0.5714285714285714","0.7142857142857143","0.7142857142857143","0.7142857142857143","0.2857142857142857","0.2857142857142857","0.2857142857142857","0","0","0","0.2857142857142857","0.2857142857142857","0.2857142857142857","","","","","","","","","","","","","","","","","","","","","","","","","","","","","",""
"345000","0","0","0","0.5714285714285714","0.5714285714285714","0.5714285714285714","0.7142857142857143","0.7142857142857143","0.7142857142857143","0.5714285714285714","0.5714285714285714","0.5714285714285714","0.42857142857142855","0.42857142857142855","0.42857142857142855","","","","","","","","","","","","","","","","","","","","","","","","","","","","","",""
"350000","0","0","0","0.5714285714285714","0.5714285714285714","0.5714285714285714","0.5714285714285714","0.5714285714285714","0.5714285714285714","0.14285714285714285","0.14285714285714285","0.14285714285714285","0.42857142857142855","0.42857142857142855","0.42857142857142855","","","","","","","","","","","","","","","","","","","","","","","","","","","","","",""
"355000","0.2857142857142857","0.2857142857142857","0.2857142857142857","0","0","0","0","0","0","0.5714285714285714","0.5714285714285714","0.5714285714285714","0.2857142857142857","0.2857142857142857","0.2857142857142857","","","","","","","","","","","","","","","","","","","","","","","","","","","","","",""
"360000","0.14285714285714285","0.14285714285714285","0.14285714285714285","0","0","0","0.2857142857142857","0.2857142857142857","0.2857142857142857","0.5714285714285714","0.5714285714285714","0.5714285714285714","1","1","1","","","","","","","","","","","","","","","","","","","","","","","","","","","","","",""
"365000","0","0","0","0.14285714285714285","0.14285714285714285","0.14285714285714285","0","0","0","0.2857142857142857","0.2857142857142857","0.2857142857142857","0.7142857142857143","0.7142857142857143","0.7142857142857143","","","","","","","","","","","","","","","","","","","","","","","","","","","","","",""
"370000","0.14285714285714285","0.14285714285714285","0.14285714285714285","0.42857142857142855","0.42857142857142855","0.42857142857142855","0.42857142857142855","0.42857142857142855","0.42857142857142855","0.42857142857142855","0.42857142857142855","0.42857142857142855","0.2857142857142857","0.2857142857142857","0.2857142857142857","","","","","","","","","","","","","","","","","","","","","","","","","","","","","",""
"375000","0.14285714285714285","0.14285714285714285","0.14285714285714285","0.14285714285714285","0.14285714285714285","0.14285714285714285","0","0","0","0.2857142857142857","0.2857142857142857","0.2857142857142857","0","0","0","","","","","","","","","","","","","","","","","","","","","","","","","","","","","",""
"380000","0.14285714285714285","0.14285714285714285","0.14285714285714285","0.8571428571428571","0.8571428571428571","0.8571428571428571","0.2857142857142857","0.2857142857142857","0.2857142857142857","0.14285714285714285","0.14285714285714285","0.14285714285714285","0.42857142857142855","0.42857142857142855","0.42857142857142855","","","","","","","","","","","","","","","","","","","","","","","","","","","","","",""
"385000","0","0","0","0.42857142857142855","0.42857142857142855","0.42857142857142855","0","0","0","0.14285714285714285","0.14285714285714285","0.14285714285714285","0.8571428571428571","0.8571428571428571","0.8571428571428571","","","","","","","","","","","","","","","","","","","","","","","","","","","","","",""
"390000","0.2857142857142857","0.2857142857142857","0.2857142857142857","0.14285714285714285","0.14285714285714285","0.14285714285714285","0.5714285714285714","0.5714285714285714","0.5714285714285714","1","1","1","0.42857142857142855","0.42857142857142855","0.42857142857142855","","","","","","","","","","","","","","","","","","","","","","","","","","","","","",""
"395000","0.5714285714285714","0.5714285714285714","0.5714285714285714","0.2857142857142857","0.2857142857142857","0.2857142857142857","0.7142857142857143","0.7142857142857143","0.7142857142857143","0","0","0","0.14285714285714285","0.14285714285714285","0.14285714285714285","","","","","","","","","","","","","","","","","","","","","","","","","","","","","",""
"400000","0.2857142857142857","0.2857142857142857","0.2857142857142857","0.2857142857142857","0.2857142857142857","0.2857142857142857","0.2857142857142857","0.2857142857142857","0.2857142857142857","0.8571428571428571","0.8571428571428571","0.8571428571428571","0.14285714285714285","0.14285714285714285","0.14285714285714285","","","","","","","","","","","","","","","","","","","","","","","","","","","","","",""
"405000","0.14285714285714285","0.14285714285714285","0.14285714285714285","0.5714285714285714","0.5714285714285714","0.5714285714285714","0.2857142857142857","0.2857142857142857","0.2857142857142857","0.14285714285714285","0.14285714285714285","0.14285714285714285","0.2857142857142857","0.2857142857142857","0.2857142857142857","","","","","","","","","","","","","","","","","","","","","","","","","","","","","",""
"410000","0.7142857142857143","0.7142857142857143","0.7142857142857143","0.5714285714285714","0.5714285714285714","0.5714285714285714","0.2857142857142857","0.2857142857142857","0.2857142857142857","0.2857142857142857","0.2857142857142857","0.2857142857142857","1","1","1","","","","","","","","","","","","","","","","","","","","","","","","","","","","","",""
"415000","0.2857142857142857","0.2857142857142857","0.2857142857142857","0.5714285714285714","0.5714285714285714","0.5714285714285714","0.2857142857142857","0.2857142857142857","0.2857142857142857","0.5714285714285714","0.5714285714285714","0.5714285714285714","0.7142857142857143","0.7142857142857143","0.7142857142857143","","","","","","","","","","","","","","","","","","","","","","","","","","","","","",""
"420000","0.14285714285714285","0.14285714285714285","0.14285714285714285","0","0","0","0.42857142857142855","0.42857142857142855","0.42857142857142855","0","0","0","0.2857142857142857","0.2857142857142857","0.2857142857142857","","","","","","","","","","","","","","","","","","","","","","","","","","","","","",""
"425000","0.5714285714285714","0.5714285714285714","0.5714285714285714","0.7142857142857143","0.7142857142857143","0.7142857142857143","0.42857142857142855","0.42857142857142855","0.42857142857142855","0.7142857142857143","0.7142857142857143","0.7142857142857143","1.1428571428571428","1.1428571428571428","1.1428571428571428","","","","","","","","","","","","","","","","","","","","","","","","","","","","","",""
"430000","0.8571428571428571","0.8571428571428571","0.8571428571428571","0.5714285714285714","0.5714285714285714","0.5714285714285714","0.2857142857142857","0.2857142857142857","0.2857142857142857","0.8571428571428571","0.8571428571428571","0.8571428571428571","0.8571428571428571","0.8571428571428571","0.8571428571428571","","","","","","","","","","","","","","","","","","","","","","","","","","","","","",""
"435000","0.14285714285714285","0.14285714285714285","0.14285714285714285","0.42857142857142855","0.42857142857142855","0.42857142857142855","0.14285714285714285","0.14285714285714285","0.14285714285714285","0.2857142857142857","0.2857142857142857","0.2857142857142857","0.2857142857142857","0.2857142857142857","0.2857142857142857","","","","","","","","","","","","","","","","","","","","","","","","","","","","","",""
"440000","0","0","0","0.14285714285714285","0.14285714285714285","0.14285714285714285","0.42857142857142855","0.42857142857142855","0.42857142857142855","0.42857142857142855","0.42857142857142855","0.42857142857142855","0.5714285714285714","0.5714285714285714","0.5714285714285714","","","","","","","","","","","","","","","","","","","","","","","","","","","","","",""
"445000","0.42857142857142855","0.42857142857142855","0.42857142857142855","0.14285714285714285","0.14285714285714285","0.14285714285714285","0.42857142857142855","0.42857142857142855","0.42857142857142855","0.5714285714285714","0.5714285714285714","0.5714285714285714","0.5714285714285714","0.5714285714285714","0.5714285714285714","","","","","","","","","","","","","","","","","","","","","","","","","","","","","",""
"450000","0.2857142857142857","0.2857142857142857","0.2857142857142857","0.2857142857142857","0.2857142857142857","0.2857142857142857","0.2857142857142857","0.2857142857142857","0.2857142857142857","1.2857142857142858","1.2857142857142858","1.2857142857142858","0.2857142857142857","0.2857142857142857","0.2857142857142857","","","","","","","","","","","","","","","","","","","","","","","","","","","","","",""
"455000","0.5714285714285714","0.5714285714285714","0.5714285714285714","0.14285714285714285","0.14285714285714285","0.14285714285714285","0.5714285714285714","0.5714285714285714","0.5714285714285714","0.14285714285714285","0.14285714285714285","0.14285714285714285","0.8571428571428571","0.8571428571428571","0.8571428571428571","","","","","","","","","","","","","","","","","","","","","","","","","","","","","",""
"460000","0.14285714285714285","0.14285714285714285","0.14285714285714285","0.2857142857142857","0.2857142857142857","0.2857142857142857","0.42857142857142855","0.42857142857142855","0.42857142857142855","0","0","0","0.14285714285714285","0.14285714285714285","0.14285714285714285","","","","","","","","","","","","","","","","","","","","","","","","","","","","","",""
"465000","0","0","0","0.14285714285714285","0.14285714285714285","0.14285714285714285","0.14285714285714285","0.14285714285714285","0.14285714285714285","0.8571428571428571","0.8571428571428571","0.8571428571428571","1.1428571428571428","1.1428571428571428","1.1428571428571428","","","","","","","","","","","","","","","","","","","","","","","","","","","","","",""
"470000","0.42857142857142855","0.42857142857142855","0.42857142857142855","0.42857142857142855","0.42857142857142855","0.42857142857142855","0.2857142857142857","0.2857142857142857","0.2857142857142857","0.42857142857142855","0.42857142857142855","0.42857142857142855","0.5714285714285714","0.5714285714285714","0.5714285714285714","","","","","","","","","","","","","","","","","","","","","","","","","","","","","",""
"475000","0.2857142857142857","0.2857142857142857","0.2857142857142857","1","1","1","0.8571428571428571","0.8571428571428571","0.8571428571428571","0.14285714285714285","0.14285714285714285","0.14285714285714285","0","0","0","","","","","","","","","","","","","","","","","","","","","","","","","","","","","",""
"480000","1.1428571428571428","1.1428571428571428","1.1428571428571428","0.5714285714285714","0.5714285714285714","0.5714285714285714","1","1","1","0.2857142857142857","0.2857142857142857","0.2857142857142857","0.14285714285714285","0.14285714285714285","0.14285714285714285","","","","","","","","","","","","","","","","","","","","","","","","","","","","","",""
"485000","0.42857142857142855","0.42857142857142855","0.42857142857142855","1","1","1","0.14285714285714285","0.14285714285714285","0.14285714285714285","0.42857142857142855","0.42857142857142855","0.42857142857142855","0.42857142857142855","0.42857142857142855","0.42857142857142855","","","","","","","","","","","","","","","","","","","","","","","","","","","","","",""
"490000","0.2857142857142857","0.2857142857142857","0.2857142857142857","0.7142857142857143","0.7142857142857143","0.7142857142857143","0.8571428571428571","0.8571428571428571","0.8571428571428571","0.42857142857142855","0.42857142857142855","0.42857142857142855","0.2857142857142857","0.2857142857142857","0.2857142857142857","","","","","","","","","","","","","","","","","","","","","","","","","","","","","",""
"495000","0.42857142857142855","0.42857142857142855","0.42857142857142855","0.14285714285714285","0.14285714285714285","0.14285714285714285","0.14285714285714285","0.14285714285714285","0.14285714285714285","0.2857142857142857","0.2857142857142857","0.2857142857142857","0.5714285714285714","0.5714285714285714","0.5714285714285714","","","","","","","","","","","","","","","","","","","","","","","","","","","","","",""
"500000","0.5714285714285714","0.5714285714285714","0.5714285714285714","0","0","0","0.2857142857142857","0.2857142857142857","0.2857142857142857","0.2857142857142857","0.2857142857142857","0.2857142857142857","0.5714285714285714","0.5714285714285714","0.5714285714285714","","","","","","","","","","","","","","","","","","","","","","","","","","","","","",""
"505000","0.14285714285714285","0.14285714285714285","0.14285714285714285","0.42857142857142855","0.42857142857142855","0.42857142857142855","0.42857142857142855","0.42857142857142855","0.42857142857142855","1.1428571428571428","1.1428571428571428","1.1428571428571428","0.14285714285714285","0.14285714285714285","0.14285714285714285","","","","","","","","","","","","","","","","","","","","","","","","","","","","","",""
"510000","0.7142857142857143","0.7142857142857143","0.7142857142857143","0.42857142857142855","0.42857142857142855","0.42857142857142855","0.5714285714285714","0.5714285714285714","0.5714285714285714","0.14285714285714285","0.14285714285714285","0.14285714285714285","0.42857142857142855","0.42857142857142855","0.42857142857142855","","","","","","","","","","","","","","","","","","","","","","","","","","","","","",""
"515000","0.2857142857142857","0.2857142857142857","0.2857142857142857","0.42857142857142855","0.42857142857142855","0.42857142857142855","0.7142857142857143","0.7142857142857143","0.7142857142857143","0.5714285714285714","0.5714285714285714","0.5714285714285714","0.2857142857142857","0.2857142857142857","0.2857142857142857","","","","","","","","","","","","","","","","","","","","","","","","","","","","","",""
"520000","0.42857142857142855","0.42857142857142855","0.42857142857142855","0.14285714285714285","0.14285714285714285","0.14285714285714285","0.2857142857142857","0.2857142857142857","0.2857142857142857","0.2857142857142857","0.2857142857142857","0.2857142857142857","0.2857142857142857","0.2857142857142857","0.2857142857142857","","","","","","","","","","","","","","","","","","","","","","","","","","","","","",""
"525000","0.2857142857142857","0.2857142857142857","0.2857142857142857","0.14285714285714285","0.14285714285714285","0.14285714285714285","0.7142857142857143","0.7142857142857143","0.7142857142857143","0.42857142857142855","0.42857142857142855","0.42857142857142855","1.1428571428571428","1.1428571428571428","1.1428571428571428","","","","","","","","","","","","","","","","","","","","","","","","","","","","","",""
"530000","0.14285714285714285","0.14285714285714285","0.14285714285714285","0.14285714285714285","0.14285714285714285","0.14285714285714285","0.7142857142857143","0.7142857142857143","0.7142857142857143","0.42857142857142855","0.42857142857142855","0.42857142857142855","0.2857142857142857","0.2857142857142857","0.2857142857142857","","","","","","","","","","","","","","","","","","","","","","","","","","","","","",""
"535000","0.7142857142857143","0.7142857142857143","0.7142857142857143","0.5714285714285714","0.5714285714285714","0.5714285714285714","0.5714285714285714","0.5714285714285714","0.5714285714285714","0.14285714285714285","0.14285714285714285","0.14285714285714285","0.8571428571428571","0.8571428571428571","0.8571428571428571","","","","","","","","","","","","","","","","","","","","","","","","","","","","","",""
"540000","0.8571428571428571","0.8571428571428571","0.8571428571428571","0.42857142857142855","0.42857142857142855","0.42857142857142855","0.7142857142857143","0.7142857142857143","0.7142857142857143","0.5714285714285714","0.5714285714285714","0.5714285714285714","0.42857142857142855","0.42857142857142855","0.42857142857142855","","","","","","","","","","","","","","","","","","","","","","","","","","","","","",""
"545000","0.7142857142857143","0.7142857142857143","0.7142857142857143","0","0","0","0.2857142857142857","0.2857142857142857","0.2857142857142857","0.5714285714285714","0.5714285714285714","0.5714285714285714","0","0","0","","","","","","","","","","","","","","","","","","","","","","","","","","","","","",""
"550000","0.42857142857142855","0.42857142857142855","0.42857142857142855","0.2857142857142857","0.2857142857142857","0.2857142857142857","0.2857142857142857","0.2857142857142857","0.2857142857142857","0.5714285714285714","0.5714285714285714","0.5714285714285714","0.8571428571428571","0.8571428571428571","0.8571428571428571","","","","","","","","","","","","","","","","","","","","","","","","","","","","","",""
"555000","0.7142857142857143","0.7142857142857143","0.7142857142857143","0.2857142857142857","0.2857142857142857","0.2857142857142857","0.14285714285714285","0.14285714285714285","0.14285714285714285","0.42857142857142855","0.42857142857142855","0.42857142857142855","0.5714285714285714","0.5714285714285714","0.5714285714285714","","","","","","","","","","","","","","","","","","","","","","","","","","","","","",""
"560000","0.2857142857142857","0.2857142857142857","0.2857142857142857","0","0","0","0.8571428571428571","0.8571428571428571","0.8571428571428571","0.5714285714285714","0.5714285714285714","0.5714285714285714","0.7142857142857143","0.7142857142857143","0.7142857142857143","","","","","","","","","","","","","","","","","","","","","","","","","","","","","",""
"565000","0.5714285714285714","0.5714285714285714","0.5714285714285714","0.14285714285714285","0.14285714285714285","0.14285714285714285","0.5714285714285714","0.5714285714285714","0.5714285714285714","0.42857142857142855","0.42857142857142855","0.42857142857142855","0.5714285714285714","0.5714285714285714","0.5714285714285714","","","","","","","","","","","","","","","","","","","","","","","","","","","","","",""
"570000","0.42857142857142855","0.42857142857142855","0.42857142857142855","0.2857142857142857","0.2857142857142857","0.2857142857142857","0.8571428571428571","0.8571428571428571","0.8571428571428571","0.42857142857142855","0.42857142857142855","0.42857142857142855","0.5714285714285714","0.5714285714285714","0.5714285714285714","","","","","","","","","","","","","","","","","","","","","","","","","","","","","",""
"575000","0.8571428571428571","0.8571428571428571","0.8571428571428571","0.5714285714285714","0.5714285714285714","0.5714285714285714","0.2857142857142857","0.2857142857142857","0.2857142857142857","0.7142857142857143","0.7142857142857143","0.7142857142857143","0.5714285714285714","0.5714285714285714","0.5714285714285714","","","","","","","","","","","","","","","","","","","","","","","","","","","","","",""
"580000","0.14285714285714285","0.14285714285714285","0.14285714285714285","0.5714285714285714","0.5714285714285714","0.5714285714285714","0.2857142857142857","0.2857142857142857","0.2857142857142857","0.2857142857142857","0.2857142857142857","0.2857142857142857","0.14285714285714285","0.14285714285714285","0.14285714285714285","","","","","","","","","","","","","","","","","","","","","","","","","","","","","",""
"585000","0.2857142857142857","0.2857142857142857","0.2857142857142857","0.7142857142857143","0.7142857142857143","0.7142857142857143","0.2857142857142857","0.2857142857142857","0.2857142857142857","0.7142857142857143","0.7142857142857143","0.7142857142857143","0.2857142857142857","0.2857142857142857","0.2857142857142857","","","","","","","","","","","","","","","","","","","","","","","","","","","","","",""
"590000","0.2857142857142857","0.2857142857142857","0.2857142857142857","0.2857142857142857","0.2857142857142857","0.2857142857142857","0.2857142857142857","0.2857142857142857","0.2857142857142857","0.42857142857142855","0.42857142857142855","0.42857142857142855","0.42857142857142855","0.42857142857142855","0.42857142857142855","","","","","","","","","","","","","","","","","","","","","","","","","","","","","",""
"595000","0.5714285714285714","0.5714285714285714","0.5714285714285714","0.42857142857142855","0.42857142857142855","0.42857142857142855","0.2857142857142857","0.2857142857142857","0.2857142857142857","0.42857142857142855","0.42857142857142855","0.42857142857142855","0.42857142857142855","0.42857142857142855","0.42857142857142855","","","","","","","","","","","","","","","","","","","","","","","","","","","","","",""
"600000","0.2857142857142857","0.2857142857142857","0.2857142857142857","0.42857142857142855","0.42857142857142855","0.42857142857142855","0.42857142857142855","0.42857142857142855","0.42857142857142855","0.2857142857142857","0.2857142857142857","0.2857142857142857","0.7142857142857143","0.7142857142857143","0.7142857142857143","","","","","","","","","","","","","","","","","","","","","","","","","","","","","",""
"605000","1.1428571428571428","1.1428571428571428","1.1428571428571428","0.7142857142857143","0.7142857142857143","0.7142857142857143","0.5714285714285714","0.5714285714285714","0.5714285714285714","0.8571428571428571","0.8571428571428571","0.8571428571428571","0.42857142857142855","0.42857142857142855","0.42857142857142855","","","","","","","","","","","","","","","","","","","","","","","","","","","","","",""
"610000","0.8571428571428571","0.8571428571428571","0.8571428571428571","0.7142857142857143","0.7142857142857143","0.7142857142857143","0.14285714285714285","0.14285714285714285","0.14285714285714285","0.7142857142857143","0.7142857142857143","0.7142857142857143","0.5714285714285714","0.5714285714285714","0.5714285714285714","","","","","","","","","","","","","","","","","","","","","","","","","","","","","",""
"615000","0.7142857142857143","0.7142857142857143","0.7142857142857143","0.14285714285714285","0.14285714285714285","0.14285714285714285","0.5714285714285714","0.5714285714285714","0.5714285714285714","0.5714285714285714","0.5714285714285714","0.5714285714285714","0.5714285714285714","0.5714285714285714","0.5714285714285714","","","","","","","","","","","","","","","","","","","","","","","","","","","","","",""
"620000","0.42857142857142855","0.42857142857142855","0.42857142857142855","0.42857142857142855","0.42857142857142855","0.42857142857142855","0.8571428571428571","0.8571428571428571","0.8571428571428571","0.42857142857142855","0.42857142857142855","0.42857142857142855","0.42857142857142855","0.42857142857142855","0.42857142857142855","","","","","","","","","","","","","","","","","","","","","","","","","","","","","",""
"625000","0.8571428571428571","0.8571428571428571","0.8571428571428571","0.2857142857142857","0.2857142857142857","0.2857142857142857","0.8571428571428571","0.8571428571428571","0.8571428571428571","0.2857142857142857","0.2857142857142857","0.2857142857142857","0.7142857142857143","0.7142857142857143","0.7142857142857143","","","","","","","","","","","","","","","","","","","","","","","","","","","","","",""
"630000","0.5714285714285714","0.5714285714285714","0.5714285714285714","0.5714285714285714","0.5714285714285714","0.5714285714285714","1","1","1","0.2857142857142857","0.2857142857142857","0.2857142857142857","0.14285714285714285","0.14285714285714285","0.14285714285714285","","","","","","","","","","","","","","","","","","","","","","","","","","","","","",""
"635000","0.14285714285714285","0.14285714285714285","0.14285714285714285","0.5714285714285714","0.5714285714285714","0.5714285714285714","0.42857142857142855","0.42857142857142855","0.42857142857142855","0.5714285714285714","0.5714285714285714","0.5714285714285714","1.4285714285714286","1.4285714285714286","1.4285714285714286","","","","","","","","","","","","","","","","","","","","","","","","","","","","","",""
"640000","0.2857142857142857","0.2857142857142857","0.2857142857142857","0.2857142857142857","0.2857142857142857","0.2857142857142857","0.42857142857142855","0.42857142857142855","0.42857142857142855","0.5714285714285714","0.5714285714285714","0.5714285714285714","1.1428571428571428","1.1428571428571428","1.1428571428571428","","","","","","","","","","","","","","","","","","","","","","","","","","","","","",""
"645000","0.2857142857142857","0.2857142857142857","0.2857142857142857","0.5714285714285714","0.5714285714285714","0.5714285714285714","1","1","1","1.1428571428571428","1.1428571428571428","1.1428571428571428","0.42857142857142855","0.42857142857142855","0.42857142857142855","","","","","","","","","","","","","","","","","","","","","","","","","","","","","",""
"650000","0.7142857142857143","0.7142857142857143","0.7142857142857143","0.7142857142857143","0.7142857142857143","0.7142857142857143","1.2857142857142858","1.2857142857142858","1.2857142857142858","0.8571428571428571","0.8571428571428571","0.8571428571428571","1","1","1","","","","","","","","","","","","","","","","","","","","","","","","","","","","","",""
"655000","0","0","0","0.42857142857142855","0.42857142857142855","0.42857142857142855","1","1","1","0.5714285714285714","0.5714285714285714","0.5714285714285714","0.14285714285714285","0.14285714285714285","0.14285714285714285","","","","","","","","","","","","","","","","","","","","","","","","","","","","","",""
"660000","0.2857142857142857","0.2857142857142857","0.2857142857142857","0.42857142857142855","0.42857142857142855","0.42857142857142855","0.8571428571428571","0.8571428571428571","0.8571428571428571","0.5714285714285714","0.5714285714285714","0.5714285714285714","0.42857142857142855","0.42857142857142855","0.42857142857142855","","","","","","","","","","","","","","","","","","","","","","","","","","","","","",""
"665000","0.5714285714285714","0.5714285714285714","0.5714285714285714","0.42857142857142855","0.42857142857142855","0.42857142857142855","0.2857142857142857","0.2857142857142857","0.2857142857142857","0","0","0","0.5714285714285714","0.5714285714285714","0.5714285714285714","","","","","","","","","","","","","","","","","","","","","","","","","","","","","",""
"670000","0.8571428571428571","0.8571428571428571","0.8571428571428571","0.42857142857142855","0.42857142857142855","0.42857142857142855","0.14285714285714285","0.14285714285714285","0.14285714285714285","0.2857142857142857","0.2857142857142857","0.2857142857142857","0.8571428571428571","0.8571428571428571","0.8571428571428571","","","","","","","","","","","","","","","","","","","","","","","","","","","","","",""
"675000","0.42857142857142855","0.42857142857142855","0.42857142857142855","0.8571428571428571","0.8571428571428571","0.8571428571428571","0.7142857142857143","0.7142857142857143","0.7142857142857143","0","0","0","0.8571428571428571","0.8571428571428571","0.8571428571428571","","","","","","","","","","","","","","","","","","","","","","","","","","","","","",""
"680000","0.14285714285714285","0.14285714285714285","0.14285714285714285","0.14285714285714285","0.14285714285714285","0.14285714285714285","0.7142857142857143","0.7142857142857143","0.7142857142857143","0","0","0","0.42857142857142855","0.42857142857142855","0.42857142857142855","","","","","","","","","","","","","","","","","","","","","","","","","","","","","",""
"685000","0","0","0","0.2857142857142857","0.2857142857142857","0.2857142857142857","0.5714285714285714","0.5714285714285714","0.5714285714285714","0","0","0","0.42857142857142855","0.42857142857142855","0.42857142857142855","","","","","","","","","","","","","","","","","","","","","","","","","","","","","",""
"690000","0.42857142857142855","0.42857142857142855","0.42857142857142855","0.2857142857142857","0.2857142857142857","0.2857142857142857","0.7142857142857143","0.7142857142857143","0.7142857142857143","0","0","0","0.5714285714285714","0.5714285714285714","0.5714285714285714","","","","","","","","","","","","","","","","","","","","","","","","","","","","","",""
"695000","0.5714285714285714","0.5714285714285714","0.5714285714285714","0","0","0","0","0","0","0.14285714285714285","0.14285714285714285","0.14285714285714285","0.7142857142857143","0.7142857142857143","0.7142857142857143","","","","","","","","","","","","","","","","","","","","","","","","","","","","","",""
"700000","0","0","0","0.7142857142857143","0.7142857142857143","0.7142857142857143","0.7142857142857143","0.7142857142857143","0.7142857142857143","0.42857142857142855","0.42857142857142855","0.42857142857142855","0.5714285714285714","0.5714285714285714","0.5714285714285714","","","","","","","","","","","","","","","","","","","","","","","","","","","","","",""
"705000","0.42857142857142855","0.42857142857142855","0.42857142857142855","0.42857142857142855","0.42857142857142855","0.42857142857142855","0.14285714285714285","0.14285714285714285","0.14285714285714285","0.7142857142857143","0.7142857142857143","0.7142857142857143","0.42857142857142855","0.42857142857142855","0.42857142857142855","","","","","","","","","","","","","","","","","","","","","","","","","","","","","",""
"710000","0.2857142857142857","0.2857142857142857","0.2857142857142857","0.5714285714285714","0.5714285714285714","0.5714285714285714","0.7142857142857143","0.7142857142857143","0.7142857142857143","0.5714285714285714","0.5714285714285714","0.5714285714285714","0.14285714285714285","0.14285714285714285","0.14285714285714285","","","","","","","","","","","","","","","","","","","","","","","","","","","","","",""
"715000","0.5714285714285714","0.5714285714285714","0.5714285714285714","0.42857142857142855","0.42857142857142855","0.42857142857142855","0.8571428571428571","0.8571428571428571","0.8571428571428571","0.14285714285714285","0.14285714285714285","0.14285714285714285","0.14285714285714285","0.14285714285714285","0.14285714285714285","","","","","","","","","","","","","","","","","","","","","","","","","","","","","",""
"720000","0.8571428571428571","0.8571428571428571","0.8571428571428571","0","0","0","0.8571428571428571","0.8571428571428571","0.8571428571428571","0.14285714285714285","0.14285714285714285","0.14285714285714285","0","0","0","","","","","","","","","","","","","","","","","","","","","","","","","","","","","",""
"725000","0.8571428571428571","0.8571428571428571","0.8571428571428571","0.42857142857142855","0.42857142857142855","0.42857142857142855","0","0","0","0","0","0","0.42857142857142855","0.42857142857142855","0.42857142857142855","","","","","","","","","","","","","","","","","","","","","","","","","","","","","",""
"730000","0","0","0","0.2857142857142857","0.2857142857142857","0.2857142857142857","0.42857142857142855","0.42857142857142855","0.42857142857142855","0.14285714285714285","0.14285714285714285","0.14285714285714285","0.7142857142857143","0.7142857142857143","0.7142857142857143","","","","","","","","","","","","","","","","","","","","","","","","","","","","","",""
"735000","0","0","0","0.42857142857142855","0.42857142857142855","0.42857142857142855","0.14285714285714285","0.14285714285714285","0.14285714285714285","0.14285714285714285","0.14285714285714285","0.14285714285714285","0.8571428571428571","0.8571428571428571","0.8571428571428571","","","","","","","","","","","","","","","","","","","","","","","","","","","","","",""
"740000","0.7142857142857143","0.7142857142857143","0.7142857142857143","0.42857142857142855","0.42857142857142855","0.42857142857142855","0.2857142857142857","0.2857142857142857","0.2857142857142857","0.5714285714285714","0.5714285714285714","0.5714285714285714","0.42857142857142855","0.42857142857142855","0.42857142857142855","","","","","","","","","","","","","","","","","","","","","","","","","","","","","",""
"745000","0.42857142857142855","0.42857142857142855","0.42857142857142855","0.5714285714285714","0.5714285714285714","0.5714285714285714","0.14285714285714285","0.14285714285714285","0.14285714285714285","0.5714285714285714","0.5714285714285714","0.5714285714285714","0.8571428571428571","0.8571428571428571","0.8571428571428571","","","","","","","","","","","","","","","","","","","","","","","","","","","","","",""
"750000","0.42857142857142855","0.42857142857142855","0.42857142857142855","0.42857142857142855","0.42857142857142855","0.42857142857142855","0.7142857142857143","0.7142857142857143","0.7142857142857143","0.5714285714285714","0.5714285714285714","0.5714285714285714","0.5714285714285714","0.5714285714285714","0.5714285714285714","","","","","","","","","","","","","","","","","","","","","","","","","","","","","",""
"755000","0.42857142857142855","0.42857142857142855","0.42857142857142855","0.2857142857142857","0.2857142857142857","0.2857142857142857","1","1","1","0.5714285714285714","0.5714285714285714","0.5714285714285714","0.5714285714285714","0.5714285714285714","0.5714285714285714","","","","","","","","","","","","","","","","","","","","","","","","","","","","","",""
"760000","0","0","0","0.14285714285714285","0.14285714285714285","0.14285714285714285","0.8571428571428571","0.8571428571428571","0.8571428571428571","0.7142857142857143","0.7142857142857143","0.7142857142857143","0.2857142857142857","0.2857142857142857","0.2857142857142857","","","","","","","","","","","","","","","","","","","","","","","","","","","","","",""
"765000","0.14285714285714285","0.14285714285714285","0.14285714285714285","0.14285714285714285","0.14285714285714285","0.14285714285714285","0.5714285714285714","0.5714285714285714","0.5714285714285714","0","0","0","0.42857142857142855","0.42857142857142855","0.42857142857142855","","","","","","","","","","","","","","","","","","","","","","","","","","","","","",""
"770000","0.5714285714285714","0.5714285714285714","0.5714285714285714","0.14285714285714285","0.14285714285714285","0.14285714285714285","0.5714285714285714","0.5714285714285714","0.5714285714285714","0.2857142857142857","0.2857142857142857","0.2857142857142857","0.7142857142857143","0.7142857142857143","0.7142857142857143","","","","","","","","","","","","","","","","","","","","","","","","","","","","","",""
"775000","1","1","1","0.8571428571428571","0.8571428571428571","0.8571428571428571","0.42857142857142855","0.42857142857142855","0.42857142857142855","0","0","0","0.14285714285714285","0.14285714285714285","0.14285714285714285","","","","","","","","","","","","","","","","","","","","","","","","","","","","","",""
"780000","0.5714285714285714","0.5714285714285714","0.5714285714285714","0.5714285714285714","0.5714285714285714","0.5714285714285714","0","0","0","0","0","0","0.2857142857142857","0.2857142857142857","0.2857142857142857","","","","","","","","","","","","","","","","","","","","","","","","","","","","","",""
"785000","0.8571428571428571","0.8571428571428571","0.8571428571428571","0.5714285714285714","0.5714285714285714","0.5714285714285714","0","0","0","0","0","0","0.14285714285714285","0.14285714285714285","0.14285714285714285","","","","","","","","","","","","","","","","","","","","","","","","","","","","","",""
"790000","0.2857142857142857","0.2857142857142857","0.2857142857142857","0.42857142857142855","0.42857142857142855","0.42857142857142855","0.14285714285714285","0.14285714285714285","0.14285714285714285","0","0","0","0.42857142857142855","0.42857142857142855","0.42857142857142855","","","","","","","","","","","","","","","","","","","","","","","","","","","","","",""
"795000","1","1","1","0.7142857142857143","0.7142857142857143","0.7142857142857143","0.2857142857142857","0.2857142857142857","0.2857142857142857","0.14285714285714285","0.14285714285714285","0.14285714285714285","0.42857142857142855","0.42857142857142855","0.42857142857142855","","","","","","","","","","","","","","","","","","","","","","","","","","","","","",""
"800000","0.14285714285714285","0.14285714285714285","0.14285714285714285","0.14285714285714285","0.14285714285714285","0.14285714285714285","0.5714285714285714","0.5714285714285714","0.5714285714285714","1","1","1","0.7142857142857143","0.7142857142857143","0.7142857142857143","","","","","","","","","","","","","","","","","","","","","","","","","","","","","",""
"805000","0","0","0","0.7142857142857143","0.7142857142857143","0.7142857142857143","0.5714285714285714","0.5714285714285714","0.5714285714285714","0","0","0","0.42857142857142855","0.42857142857142855","0.42857142857142855","","","","","","","","","","","","","","","","","","","","","","","","","","","","","",""
"810000","0.2857142857142857","0.2857142857142857","0.2857142857142857","0","0","0","0.7142857142857143","0.7142857142857143","0.7142857142857143","0.14285714285714285","0.14285714285714285","0.14285714285714285","0","0","0","","","","","","","","","","","","","","","","","","","","","","","","","","","","","",""
"815000","1.1428571428571428","1.1428571428571428","1.1428571428571428","0.2857142857142857","0.2857142857142857","0.2857142857142857","0.42857142857142855","0.42857142857142855","0.42857142857142855","0","0","0","0.14285714285714285","0.14285714285714285","0.14285714285714285","","","","","","","","","","","","","","","","","","","","","","","","","","","","","",""
"820000","0.5714285714285714","0.5714285714285714","0.5714285714285714","0.14285714285714285","0.14285714285714285","0.14285714285714285","1.1428571428571428","1.1428571428571428","1.1428571428571428","0","0","0","0.42857142857142855","0.42857142857142855","0.42857142857142855","","","","","","","","","","","","","","","","","","","","","","","","","","","","","",""
"825000","0.5714285714285714","0.5714285714285714","0.5714285714285714","0.5714285714285714","0.5714285714285714","0.5714285714285714","1","1","1","0.5714285714285714","0.5714285714285714","0.5714285714285714","0.5714285714285714","0.5714285714285714","0.5714285714285714","","","","","","","","","","","","","","","","","","","","","","","","","","","","","",""
"830000","0.42857142857142855","0.42857142857142855","0.42857142857142855","0.42857142857142855","0.42857142857142855","0.42857142857142855","0.8571428571428571","0.8571428571428571","0.8571428571428571","0.5714285714285714","0.5714285714285714","0.5714285714285714","0.14285714285714285","0.14285714285714285","0.14285714285714285","","","","","","","","","","","","","","","","","","","","","","","","","","","","","",""
"835000","0.2857142857142857","0.2857142857142857","0.2857142857142857","0.2857142857142857","0.2857142857142857","0.2857142857142857","0.5714285714285714","0.5714285714285714","0.5714285714285714","0.5714285714285714","0.5714285714285714","0.5714285714285714","0.7142857142857143","0.7142857142857143","0.7142857142857143","","","","","","","","","","","","","","","","","","","","","","","","","","","","","",""
"840000","0.5714285714285714","0.5714285714285714","0.5714285714285714","0.7142857142857143","0.7142857142857143","0.7142857142857143","0.42857142857142855","0.42857142857142855","0.42857142857142855","0.42857142857142855","0.42857142857142855","0.42857142857142855","0.7142857142857143","0.7142857142857143","0.7142857142857143","","","","","","","","","","","","","","","","","","","","","","","","","","","","","",""
"845000","0.2857142857142857","0.2857142857142857","0.2857142857142857","0.2857142857142857","0.2857142857142857","0.2857142857142857","0.42857142857142855","0.42857142857142855","0.42857142857142855","0","0","0","1","1","1","","","","","","","","","","","","","","","","","","","","","","","","","","","","","",""
"850000","0.7142857142857143","0.7142857142857143","0.7142857142857143","0.14285714285714285","0.14285714285714285","0.14285714285714285","0.42857142857142855","0.42857142857142855","0.42857142857142855","0.2857142857142857","0.2857142857142857","0.2857142857142857","0.5714285714285714","0.5714285714285714","0.5714285714285714","","","","","","","","","","","","","","","","","","","","","","","","","","","","","",""
"855000","0.7142857142857143","0.7142857142857143","0.7142857142857143","0.42857142857142855","0.42857142857142855","0.42857142857142855","1.4285714285714286","1.4285714285714286","1.4285714285714286","0","0","0","0.7142857142857143","0.7142857142857143","0.7142857142857143","","","","","","","","","","","","","","","","","","","","","","","","","","","","","",""
"860000","0.42857142857142855","0.42857142857142855","0.42857142857142855","0.14285714285714285","0.14285714285714285","0.14285714285714285","0.5714285714285714","0.5714285714285714","0.5714285714285714","0","0","0","0.42857142857142855","0.42857142857142855","0.42857142857142855","","","","","","","","","","","","","","","","","","","","","","","","","","","","","",""
"865000","0.14285714285714285","0.14285714285714285","0.14285714285714285","0.2857142857142857","0.2857142857142857","0.2857142857142857","0.42857142857142855","0.42857142857142855","0.42857142857142855","0.5714285714285714","0.5714285714285714","0.5714285714285714","0.2857142857142857","0.2857142857142857","0.2857142857142857","","","","","","","","","","","","","","","","","","","","","","","","","","","","","",""
"870000","0.42857142857142855","0.42857142857142855","0.42857142857142855","0.7142857142857143","0.7142857142857143","0.7142857142857143","0.5714285714285714","0.5714285714285714","0.5714285714285714","0.5714285714285714","0.5714285714285714","0.5714285714285714","0.2857142857142857","0.2857142857142857","0.2857142857142857","","","","","","","","","","","","","","","","","","","","","","","","","","","","","",""
"875000","0.42857142857142855","0.42857142857142855","0.42857142857142855","0.7142857142857143","0.7142857142857143","0.7142857142857143","0","0","0","0.7142857142857143","0.7142857142857143","0.7142857142857143","0.7142857142857143","0.7142857142857143","0.7142857142857143","","","","","","","","","","","","","","","","","","","","","","","","","","","","","",""
"880000","0.5714285714285714","0.5714285714285714","0.5714285714285714","0.2857142857142857","0.2857142857142857","0.2857142857142857","0","0","0","0.7142857142857143","0.7142857142857143","0.7142857142857143","1.1428571428571428","1.1428571428571428","1.1428571428571428","","","","","","","","","","","","","","","","","","","","","","","","","","","","","",""
"885000","0.42857142857142855","0.42857142857142855","0.42857142857142855","0.7142857142857143","0.7142857142857143","0.7142857142857143","0.5714285714285714","0.5714285714285714","0.5714285714285714","0.42857142857142855","0.42857142857142855","0.42857142857142855","0.14285714285714285","0.14285714285714285","0.14285714285714285","","","","","","","","","","","","","","","","","","","","","","","","","","","","","",""
"890000","0.5714285714285714","0.5714285714285714","0.5714285714285714","0.5714285714285714","0.5714285714285714","0.5714285714285714","0.42857142857142855","0.42857142857142855","0.42857142857142855","0.14285714285714285","0.14285714285714285","0.14285714285714285","0.42857142857142855","0.42857142857142855","0.42857142857142855","","","","","","","","","","","","","","","","","","","","","","","","","","","","","",""
"895000","0.7142857142857143","0.7142857142857143","0.7142857142857143","0.7142857142857143","0.7142857142857143","0.7142857142857143","0.8571428571428571","0.8571428571428571","0.8571428571428571","0.2857142857142857","0.2857142857142857","0.2857142857142857","1","1","1","","","","","","","","","","","","","","","","","","","","","","","","","","","","","",""
"900000","0.14285714285714285","0.14285714285714285","0.14285714285714285","0.5714285714285714","0.5714285714285714","0.5714285714285714","1","1","1","0","0","0","1.1428571428571428","1.1428571428571428","1.1428571428571428","","","","","","","","","","","","","","","","","","","","","","","","","","","","","",""
"905000","0.7142857142857143","0.7142857142857143","0.7142857142857143","0.7142857142857143","0.7142857142857143","0.7142857142857143","1","1","1","0.14285714285714285","0.14285714285714285","0.14285714285714285","0.5714285714285714","0.5714285714285714","0.5714285714285714","","","","","","","","","","","","","","","","","","","","","","","","","","","","","",""
"910000","0","0","0","0.2857142857142857","0.2857142857142857","0.2857142857142857","0.5714285714285714","0.5714285714285714","0.5714285714285714","0","0","0","1","1","1","","","","","","","","","","","","","","","","","","","","","","","","","","","","","",""
"915000","0.2857142857142857","0.2857142857142857","0.2857142857142857","0.14285714285714285","0.14285714285714285","0.14285714285714285","0.8571428571428571","0.8571428571428571","0.8571428571428571","0.2857142857142857","0.2857142857142857","0.2857142857142857","0.14285714285714285","0.14285714285714285","0.14285714285714285","","","","","","","","","","","","","","","","","","","","","","","","","","","","","",""
"920000","0.14285714285714285","0.14285714285714285","0.14285714285714285","0.2857142857142857","0.2857142857142857","0.2857142857142857","0.8571428571428571","0.8571428571428571","0.8571428571428571","0.14285714285714285","0.14285714285714285","0.14285714285714285","0","0","0","","","","","","","","","","","","","","","","","","","","","","","","","","","","","",""
"925000","0.42857142857142855","0.42857142857142855","0.42857142857142855","0","0","0","1","1","1","0.2857142857142857","0.2857142857142857","0.2857142857142857","0","0","0","","","","","","","","","","","","","","","","","","","","","","","","","","","","","",""
"930000","0.42857142857142855","0.42857142857142855","0.42857142857142855","0","0","0","1.2857142857142858","1.2857142857142858","1.2857142857142858","0","0","0","0","0","0","","","","","","","","","","","","","","","","","","","","","","","","","","","","","",""
"935000","0.42857142857142855","0.42857142857142855","0.42857142857142855","0","0","0","0.42857142857142855","0.42857142857142855","0.42857142857142855","0","0","0","0.42857142857142855","0.42857142857142855","0.42857142857142855","","","","","","","","","","","","","","","","","","","","","","","","","","","","","",""
"940000","0.42857142857142855","0.42857142857142855","0.42857142857142855","0","0","0","0.14285714285714285","0.14285714285714285","0.14285714285714285","0","0","0","0.2857142857142857","0.2857142857142857","0.2857142857142857","","","","","","","","","","","","","","","","","","","","","","","","","","","","","",""
"945000","0.7142857142857143","0.7142857142857143","0.7142857142857143","0.2857142857142857","0.2857142857142857","0.2857142857142857","0.14285714285714285","0.14285714285714285","0.14285714285714285","0","0","0","0.2857142857142857","0.2857142857142857","0.2857142857142857","","","","","","","","","","","","","","","","","","","","","","","","","","","","","",""
"950000","0.2857142857142857","0.2857142857142857","0.2857142857142857","0","0","0","0.2857142857142857","0.2857142857142857","0.2857142857142857","0.5714285714285714","0.5714285714285714","0.5714285714285714","0.14285714285714285","0.14285714285714285","0.14285714285714285","","","","","","","","","","","","","","","","","","","","","","","","","","","","","",""
"955000","0.14285714285714285","0.14285714285714285","0.14285714285714285","0.2857142857142857","0.2857142857142857","0.2857142857142857","0.8571428571428571","0.8571428571428571","0.8571428571428571","0.14285714285714285","0.14285714285714285","0.14285714285714285","0.42857142857142855","0.42857142857142855","0.42857142857142855","","","","","","","","","","","","","","","","","","","","","","","","","","","","","",""
"960000","0.2857142857142857","0.2857142857142857","0.2857142857142857","0.14285714285714285","0.14285714285714285","0.14285714285714285","1.1428571428571428","1.1428571428571428","1.1428571428571428","0","0","0","0","0","0","","","","","","","","","","","","","","","","","","","","","","","","","","","","","",""
"965000","0","0","0","0.2857142857142857","0.2857142857142857","0.2857142857142857","0.7142857142857143","0.7142857142857143","0.7142857142857143","0.14285714285714285","0.14285714285714285","0.14285714285714285","0.5714285714285714","0.5714285714285714","0.5714285714285714","","","","","","","","","","","","","","","","","","","","","","","","","","","","","",""
"970000","0.5714285714285714","0.5714285714285714","0.5714285714285714","0.14285714285714285","0.14285714285714285","0.14285714285714285","1","1","1","0","0","0","0.5714285714285714","0.5714285714285714","0.5714285714285714","","","","","","","","","","","","","","","","","","","","","","","","","","","","","",""
"975000","0.42857142857142855","0.42857142857142855","0.42857142857142855","0.2857142857142857","0.2857142857142857","0.2857142857142857","0.7142857142857143","0.7142857142857143","0.7142857142857143","0.42857142857142855","0.42857142857142855","0.42857142857142855","0.42857142857142855","0.42857142857142855","0.42857142857142855","","","","","","","","","","","","","","","","","","","","","","","","","","","","","",""
"980000","0","0","0","0.14285714285714285","0.14285714285714285","0.14285714285714285","1.1428571428571428","1.1428571428571428","1.1428571428571428","0.8571428571428571","0.8571428571428571","0.8571428571428571","0.5714285714285714","0.5714285714285714","0.5714285714285714","","","","","","","","","","","","","","","","","","","","","","","","","","","","","",""
"985000","0.14285714285714285","0.14285714285714285","0.14285714285714285","0.14285714285714285","0.14285714285714285","0.14285714285714285","0.8571428571428571","0.8571428571428571","0.8571428571428571","0.8571428571428571","0.8571428571428571","0.8571428571428571","0","0","0","","","","","","","","","","","","","","","","","","","","","","","","","","","","","",""
"990000","0.14285714285714285","0.14285714285714285","0.14285714285714285","0.14285714285714285","0.14285714285714285","0.14285714285714285","0.42857142857142855","0.42857142857142855","0.42857142857142855","0.5714285714285714","0.5714285714285714","0.5714285714285714","0","0","0","","","","","","","","","","","","","","","","","","","","","","","","","","","","","",""
"995000","0.5714285714285714","0.5714285714285714","0.5714285714285714","0.7142857142857143","0.7142857142857143","0.7142857142857143","0.8571428571428571","0.8571428571428571","0.8571428571428571","0.7142857142857143","0.7142857142857143","0.7142857142857143","0.14285714285714285","0.14285714285714285","0.14285714285714285","","","","","","","","","","","","","","","","","","","","","","","","","","","","","",""
"1000000","0.8571428571428571","0.8571428571428571","0.8571428571428571","0.7142857142857143","0.7142857142857143","0.7142857142857143","0.8571428571428571","0.8571428571428571","0.8571428571428571","0.2857142857142857","0.2857142857142857","0.2857142857142857","0","0","0","","","","","","","","","","","","","","","","","","","","","","","","","","","","","",""
"1005000","0.8571428571428571","0.8571428571428571","0.8571428571428571","0.5714285714285714","0.5714285714285714","0.5714285714285714","0.7142857142857143","0.7142857142857143","0.7142857142857143","0","0","0","0.2857142857142857","0.2857142857142857","0.2857142857142857","","","","","","","","","","","","","","","","","","","","","","","","","","","","","",""
"1010000","0.7142857142857143","0.7142857142857143","0.7142857142857143","0.7142857142857143","0.7142857142857143","0.7142857142857143","0.8571428571428571","0.8571428571428571","0.8571428571428571","0","0","0","1","1","1","","","","","","","","","","","","","","","","","","","","","","","","","","","","","",""
"1015000","1.2857142857142858","1.2857142857142858","1.2857142857142858","0.7142857142857143","0.7142857142857143","0.7142857142857143","0.7142857142857143","0.7142857142857143","0.7142857142857143","0.14285714285714285","0.14285714285714285","0.14285714285714285","0.42857142857142855","0.42857142857142855","0.42857142857142855","","","","","","","","","","","","","","","","","","","","","","","","","","","","","",""
"1020000","0.7142857142857143","0.7142857142857143","0.7142857142857143","0.42857142857142855","0.42857142857142855","0.42857142857142855","1","1","1","0","0","0","1.1428571428571428","1.1428571428571428","1.1428571428571428","","","","","","","","","","","","","","","","","","","","","","","","","","","","","",""
"1025000","0.42857142857142855","0.42857142857142855","0.42857142857142855","0.7142857142857143","0.7142857142857143","0.7142857142857143","0.7142857142857143","0.7142857142857143","0.7142857142857143","0.2857142857142857","0.2857142857142857","0.2857142857142857","0.2857142857142857","0.2857142857142857","0.2857142857142857","","","","","","","","","","","","","","","","","","","","","","","","","","","","","",""
"1030000","0.5714285714285714","0.5714285714285714","0.5714285714285714","0.7142857142857143","0.7142857142857143","0.7142857142857143","1.1428571428571428","1.1428571428571428","1.1428571428571428","0.5714285714285714","0.5714285714285714","0.5714285714285714","0.14285714285714285","0.14285714285714285","0.14285714285714285","","","","","","","","","","","","","","","","","","","","","","","","","","","","","",""
"1035000","0.2857142857142857","0.2857142857142857","0.2857142857142857","0.8571428571428571","0.8571428571428571","0.8571428571428571","0.7142857142857143","0.7142857142857143","0.7142857142857143","0.7142857142857143","0.7142857142857143","0.7142857142857143","0.8571428571428571","0.8571428571428571","0.8571428571428571","","","","","","","","","","","","","","","","","","","","","","","","","","","","","",""
"1040000","1","1","1","1","1","1","0.7142857142857143","0.7142857142857143","0.7142857142857143","0","0","0","1.1428571428571428","1.1428571428571428","1.1428571428571428","","","","","","","","","","","","","","","","","","","","","","","","","","","","","",""
"1045000","0.8571428571428571","0.8571428571428571","0.8571428571428571","1","1","1","0.2857142857142857","0.2857142857142857","0.2857142857142857","0","0","0","1","1","1","","","","","","","","","","","","","","","","","","","","","","","","","","","","","",""
"1050000","0.7142857142857143","0.7142857142857143","0.7142857142857143","0.5714285714285714","0.5714285714285714","0.5714285714285714","0.14285714285714285","0.14285714285714285","0.14285714285714285","0","0","0","0.8571428571428571","0.8571428571428571","0.8571428571428571","","","","","","","","","","","","","","","","","","","","","","","","","","","","","",""
"1055000","0.8571428571428571","0.8571428571428571","0.8571428571428571","0.8571428571428571","0.8571428571428571","0.8571428571428571","0.7142857142857143","0.7142857142857143","0.7142857142857143","0","0","0","0.8571428571428571","0.8571428571428571","0.8571428571428571","","","","","","","","","","","","","","","","","","","","","","","","","","","","","",""
"1060000","0.7142857142857143","0.7142857142857143","0.7142857142857143","0.14285714285714285","0.14285714285714285","0.14285714285714285","1.1428571428571428","1.1428571428571428","1.1428571428571428","0","0","0","1","1","1","","","","","","","","","","","","","","","","","","","","","","","","","","","","","",""
"1065000","0.5714285714285714","0.5714285714285714","0.5714285714285714","0.8571428571428571","0.8571428571428571","0.8571428571428571","1.2857142857142858","1.2857142857142858","1.2857142857142858","0.14285714285714285","0.14285714285714285","0.14285714285714285","1.2857142857142858","1.2857142857142858","1.2857142857142858","","","","","","","","","","","","","","","","","","","","","","","","","","","","","",""
"1070000","0","0","0","0.8571428571428571","0.8571428571428571","0.8571428571428571","0.8571428571428571","0.8571428571428571","0.8571428571428571","0","0","0","1.4285714285714286","1.4285714285714286","1.4285714285714286","","","","","","","","","","","","","","","","","","","","","","","","","","","","","",""
"1075000","0","0","0","0.8571428571428571","0.8571428571428571","0.8571428571428571","1","1","1","0.2857142857142857","0.2857142857142857","0.2857142857142857","1.1428571428571428","1.1428571428571428","1.1428571428571428","","","","","","","","","","","","","","","","","","","","","","","","","","","","","",""
"1080000","1.4285714285714286","1.4285714285714286","1.4285714285714286","0.42857142857142855","0.42857142857142855","0.42857142857142855","0.7142857142857143","0.7142857142857143","0.7142857142857143","0.42857142857142855","0.42857142857142855","0.42857142857142855","1.4285714285714286","1.4285714285714286","1.4285714285714286","","","","","","","","","","","","","","","","","","","","","","","","","","","","","",""
"1085000","0.5714285714285714","0.5714285714285714","0.5714285714285714","0.14285714285714285","0.14285714285714285","0.14285714285714285","1.1428571428571428","1.1428571428571428","1.1428571428571428","0.42857142857142855","0.42857142857142855","0.42857142857142855","0","0","0","","","","","","","","","","","","","","","","","","","","","","","","","","","","","",""
"1090000","0.2857142857142857","0.2857142857142857","0.2857142857142857","0.14285714285714285","0.14285714285714285","0.14285714285714285","0","0","0","0","0","0","0.42857142857142855","0.42857142857142855","0.42857142857142855","","","","","","","","","","","","","","","","","","","","","","","","","","","","","",""
"1095000","0.7142857142857143","0.7142857142857143","0.7142857142857143","0","0","0","0","0","0","0","0","0","0","0","0","","","","","","","","","","","","","","","","","","","","","","","","","","","","","",""
"1100000","0.7142857142857143","0.7142857142857143","0.7142857142857143","0.7142857142857143","0.7142857142857143","0.7142857142857143","0","0","0","0.42857142857142855","0.42857142857142855","0.42857142857142855","0.8571428571428571","0.8571428571428571","0.8571428571428571","","","","","","","","","","","","","","","","","","","","","","","","","","","","","",""
"1105000","0.7142857142857143","0.7142857142857143","0.7142857142857143","0.5714285714285714","0.5714285714285714","0.5714285714285714","0","0","0","0.14285714285714285","0.14285714285714285","0.14285714285714285","0.7142857142857143","0.7142857142857143","0.7142857142857143","","","","","","","","","","","","","","","","","","","","","","","","","","","","","",""
"1110000","1.1428571428571428","1.1428571428571428","1.1428571428571428","0","0","0","0","0","0","1","1","1","1.1428571428571428","1.1428571428571428","1.1428571428571428","","","","","","","","","","","","","","","","","","","","","","","","","","","","","",""
"1115000","1.2857142857142858","1.2857142857142858","1.2857142857142858","0","0","0","0.5714285714285714","0.5714285714285714","0.5714285714285714","1.1428571428571428","1.1428571428571428","1.1428571428571428","0.42857142857142855","0.42857142857142855","0.42857142857142855","","","","","","","","","","","","","","","","","","","","","","","","","","","","","",""
"1120000","1.1428571428571428","1.1428571428571428","1.1428571428571428","0.14285714285714285","0.14285714285714285","0.14285714285714285","0.42857142857142855","0.42857142857142855","0.42857142857142855","1","1","1","0.14285714285714285","0.14285714285714285","0.14285714285714285","","","","","","","","","","","","","","","","","","","","","","","","","","","","","",""
"1125000","0.8571428571428571","0.8571428571428571","0.8571428571428571","0","0","0","0.42857142857142855","0.42857142857142855","0.42857142857142855","1.4285714285714286","1.4285714285714286","1.4285714285714286","0","0","0","","","","","","","","","","","","","","","","","","","","","","","","","","","","","",""
"1130000","0.42857142857142855","0.42857142857142855","0.42857142857142855","0","0","0","0.2857142857142857","0.2857142857142857","0.2857142857142857","1.1428571428571428","1.1428571428571428","1.1428571428571428","0","0","0","","","","","","","","","","","","","","","","","","","","","","","","","","","","","",""
"1135000","0.2857142857142857","0.2857142857142857","0.2857142857142857","0","0","0","1","1","1","0.42857142857142855","0.42857142857142855","0.42857142857142855","0","0","0","","","","","","","","","","","","","","","","","","","","","","","","","","","","","",""
"1140000","0","0","0","0","0","0","1","1","1","0","0","0","0","0","0","","","","","","","","","","","","","","","","","","","","","","","","","","","","","",""
"1145000","0","0","0","0.14285714285714285","0.14285714285714285","0.14285714285714285","1.2857142857142858","1.2857142857142858","1.2857142857142858","0","0","0","0","0","0","","","","","","","","","","","","","","","","","","","","","","","","","","","","","",""
"1150000","0","0","0","0.42857142857142855","0.42857142857142855","0.42857142857142855","0.8571428571428571","0.8571428571428571","0.8571428571428571","0","0","0","0.7142857142857143","0.7142857142857143","0.7142857142857143","","","","","","","","","","","","","","","","","","","","","","","","","","","","","",""
"1155000","0","0","0","0.14285714285714285","0.14285714285714285","0.14285714285714285","0.8571428571428571","0.8571428571428571","0.8571428571428571","0","0","0","1.4285714285714286","1.4285714285714286","1.4285714285714286","","","","","","","","","","","","","","","","","","","","","","","","","","","","","",""
"1160000","0.5714285714285714","0.5714285714285714","0.5714285714285714","0.8571428571428571","0.8571428571428571","0.8571428571428571","0.8571428571428571","0.8571428571428571","0.8571428571428571","0.42857142857142855","0.42857142857142855","0.42857142857142855","0.8571428571428571","0.8571428571428571","0.8571428571428571","","","","","","","","","","","","","","","","","","","","","","","","","","","","","",""
"1165000","0.2857142857142857","0.2857142857142857","0.2857142857142857","0.14285714285714285","0.14285714285714285","0.14285714285714285","1","1","1","0.7142857142857143","0.7142857142857143","0.7142857142857143","1.1428571428571428","1.1428571428571428","1.1428571428571428","","","","","","","","","","","","","","","","","","","","","","","","","","","","","",""